,marka,ekran_boyutu,ekran_kartı,ekran_yenileme_hızı,hard_disk_kapasitesi,klavye,kullanım_amacı,ram_sistem_bellegi,ram_tipi,ssd_kapasitesi,cozunurluk_standartı,islemci_nesli,islemci_tipi,islemci_cekirdek_sayisi,isletim_sistemi,fiyat
0,7,15.6,4,60.0,0.0,0.0,0.0,8.0,1,256.0,0.0,11.0,6,4.0,0,10.499
1,9,15.6,0,60.0,0.0,0.0,0.0,16.0,1,512.0,0.0,5.0,2,8.0,0,13.499
2,9,15.6,4,60.0,0.0,0.0,0.0,4.0,1,0.0,0.0,4.0,4,4.0,0,6.548
4,8,14.0,3,60.0,0.0,0.0,1.0,8.0,1,512.0,0.0,11.0,6,4.0,3,14.999
5,3,15.6,3,60.0,0.0,0.0,1.0,4.0,1,120.0,0.0,11.0,4,2.0,3,6.939
6,2,15.6,3,60.0,0.0,0.0,1.0,16.0,1,1024.0,0.0,5.0,4,2.0,0,13.789
7,9,15.6,0,60.0,0.0,0.0,1.0,8.0,2,256.0,0.0,7.0,0,2.0,0,8.199
8,0,15.6,4,144.0,0.0,1.0,2.0,16.0,2,512.0,0.0,12.0,6,12.0,0,26.949
9,3,15.6,3,60.0,0.0,0.0,1.0,32.0,1,1024.0,0.0,12.0,6,10.0,0,16.999
10,1,13.3,4,120.0,250.0,1.0,0.0,8.0,0,256.0,2.0,3.0,9,8.0,2,27.899
11,0,15.6,0,60.0,0.0,0.0,0.0,8.0,2,256.0,0.0,7.0,0,4.0,0,8.999
12,3,15.6,4,144.0,0.0,1.0,2.0,32.0,1,1024.0,0.0,12.0,6,8.0,0,25.749
13,3,15.6,4,60.0,0.0,0.0,2.0,32.0,1,500.0,0.0,11.0,6,4.0,0,14.799
14,3,15.6,3,60.0,0.0,1.0,1.0,32.0,1,1024.0,0.0,12.0,7,10.0,0,19.999
15,2,15.6,3,120.0,256.0,0.0,0.0,4.0,1,256.0,0.0,11.0,5,2.0,3,9.0
16,9,15.6,4,60.0,0.0,0.0,1.0,16.0,1,512.0,0.0,7.0,1,4.0,0,11.999
17,3,15.6,0,60.0,0.0,0.0,1.0,16.0,1,1024.0,0.0,5.0,2,8.0,0,13.999
19,9,15.6,3,120.0,128.0,0.0,1.0,4.0,1,0.0,0.0,11.0,4,4.0,3,6.849
20,9,15.6,2,60.0,0.0,0.0,0.0,8.0,1,512.0,0.0,11.0,5,2.0,0,10.299
21,0,15.6,3,60.0,0.0,1.0,0.0,4.0,1,128.0,0.0,2.0,4,2.0,1,6.699
22,11,17.3,4,144.0,32.0,1.0,2.0,16.0,0,500.0,0.0,2.0,7,24.0,0,27.899
23,4,14.0,3,120.0,0.0,0.0,1.0,8.0,1,256.0,0.0,11.0,5,2.0,0,9.499
25,1,13.0,1,120.0,256.0,0.0,1.0,8.0,1,256.0,2.0,2.0,10,8.0,2,39.419
26,9,15.6,4,120.0,0.0,0.0,2.0,16.0,1,256.0,0.0,11.0,6,4.0,0,19.022
27,3,15.6,4,144.0,0.0,1.0,2.0,32.0,1,1024.0,0.0,12.0,7,10.0,0,35.999
28,3,15.6,3,60.0,0.0,0.0,1.0,16.0,1,1024.0,0.0,11.0,5,2.0,0,12.699
29,3,15.6,3,60.0,0.0,0.0,1.0,16.0,1,500.0,0.0,11.0,7,4.0,0,14.955
30,2,15.6,4,144.0,0.0,1.0,2.0,8.0,2,512.0,0.0,7.0,2,8.0,0,29.896
31,2,15.6,3,60.0,0.0,0.0,1.0,8.0,1,512.0,0.0,12.0,6,10.0,0,13.184
32,3,15.6,4,144.0,0.0,1.0,2.0,64.0,1,1024.0,0.0,12.0,7,10.0,0,37.999
33,9,15.6,0,60.0,0.0,0.0,1.0,8.0,1,512.0,0.0,7.0,1,4.0,0,10.929
34,2,15.6,4,144.0,0.0,0.0,2.0,8.0,1,512.0,0.0,11.0,6,6.0,0,24.75
35,4,15.6,0,120.0,0.0,0.0,1.0,32.0,1,512.0,0.0,5.0,2,8.0,0,17.799
36,9,14.0,3,60.0,512.0,0.0,1.0,8.0,2,512.0,0.0,12.0,6,8.0,0,13.229
37,8,15.6,3,120.0,512.0,0.0,1.0,8.0,1,512.0,0.0,11.0,6,4.0,3,16.699
39,3,15.6,4,144.0,0.0,1.0,2.0,32.0,1,1024.0,0.0,13.0,6,8.0,0,34.999
40,2,15.6,3,60.0,0.0,0.0,1.0,8.0,1,512.0,0.0,12.0,6,10.0,3,15.999
41,1,13.6,1,120.0,250.0,0.0,1.0,8.0,2,256.0,4.0,1.0,10,1.0,2,35.896
42,3,15.6,4,144.0,0.0,1.0,2.0,32.0,1,1024.0,0.0,12.0,7,10.0,0,35.999
43,10,15.6,4,144.0,0.0,1.0,2.0,16.0,2,1024.0,0.0,12.0,6,8.0,0,35.199
44,5,15.6,3,60.0,0.0,1.0,1.0,16.0,1,500.0,0.0,11.0,6,4.0,0,11.789
46,7,15.6,4,60.0,0.0,0.0,1.0,16.0,1,1024.0,0.0,11.0,6,4.0,0,13.799
47,2,15.6,3,60.0,0.0,0.0,0.0,24.0,1,1024.0,0.0,12.0,6,10.0,0,17.899
48,3,15.6,4,144.0,0.0,1.0,2.0,32.0,1,1024.0,0.0,12.0,6,8.0,0,31.499
49,10,15.6,4,144.0,500.0,0.0,2.0,16.0,1,512.0,0.0,12.0,7,10.0,0,35.732
50,0,15.6,3,120.0,0.0,0.0,1.0,8.0,1,256.0,0.0,11.0,6,4.0,0,11.675
51,2,15.6,3,60.0,0.0,0.0,1.0,16.0,1,256.0,0.0,5.0,4,2.0,0,11.269
52,7,16.1,4,144.0,0.0,1.0,2.0,16.0,2,512.0,0.0,6.0,1,6.0,0,25.999
53,0,15.6,4,144.0,0.0,1.0,2.0,8.0,1,512.0,0.0,12.0,6,12.0,0,24.875
54,3,15.6,4,60.0,0.0,1.0,1.0,32.0,1,1024.0,0.0,12.0,6,10.0,0,17.299
55,3,15.6,4,144.0,0.0,1.0,2.0,16.0,1,500.0,0.0,12.0,6,8.0,0,24.599
56,0,15.6,4,165.0,0.0,1.0,2.0,8.0,2,1024.0,0.0,12.0,7,14.0,0,33.999
57,11,15.6,4,144.0,0.0,1.0,2.0,32.0,1,1024.0,0.0,13.0,6,12.0,0,28.999
58,9,15.6,3,60.0,1024.0,0.0,1.0,16.0,1,1024.0,0.0,12.0,6,10.0,3,17.992
59,3,16.0,4,165.0,0.0,1.0,2.0,64.0,2,2048.0,7.0,13.0,8,24.0,0,66.099
60,7,15.6,0,120.0,0.0,0.0,1.0,32.0,1,512.0,0.0,5.0,2,8.0,3,20.789
61,7,16.1,4,144.0,0.0,1.0,2.0,16.0,2,1024.0,0.0,13.0,7,14.0,0,35.999
62,9,15.6,0,60.0,0.0,1.0,1.0,8.0,2,256.0,0.0,7.0,1,4.0,0,10.299
63,3,15.6,4,144.0,0.0,1.0,2.0,32.0,1,1024.0,0.0,12.0,7,10.0,0,35.999
64,7,16.1,4,144.0,0.0,1.0,2.0,16.0,2,1024.0,0.0,13.0,7,14.0,0,44.459
65,7,15.6,4,60.0,0.0,0.0,1.0,16.0,1,256.0,0.0,13.0,5,24.0,0,12.25
66,8,14.0,3,60.0,0.0,0.0,1.0,16.0,1,512.0,0.0,12.0,6,12.0,3,22.000
67,9,15.6,0,60.0,0.0,0.0,1.0,8.0,2,256.0,0.0,7.0,0,2.0,0,8.199
68,1,13.6,1,120.0,250.0,0.0,1.0,8.0,2,256.0,4.0,1.0,10,1.0,2,35.750
69,9,15.6,0,60.0,0.0,0.0,2.0,8.0,1,256.0,0.0,5.0,2,8.0,0,11.399
70,7,15.6,4,144.0,0.0,0.0,2.0,16.0,1,512.0,0.0,13.0,6,12.0,0,28.599
71,2,16.0,4,165.0,0.0,1.0,2.0,16.0,2,512.0,9.0,13.0,7,6.0,0,46.849
72,4,15.6,4,165.0,0.0,1.0,2.0,16.0,2,1024.0,0.0,13.0,7,14.0,0,40.899
73,9,15.6,3,60.0,0.0,0.0,1.0,16.0,1,512.0,0.0,11.0,6,4.0,3,18.077
74,3,16.0,4,165.0,0.0,1.0,2.0,32.0,2,1024.0,7.0,13.0,7,16.0,0,48.999
75,9,15.6,3,60.0,0.0,0.0,1.0,8.0,2,512.0,0.0,12.0,6,8.0,0,13.999
76,0,15.6,4,144.0,0.0,1.0,2.0,8.0,2,256.0,0.0,12.0,6,8.0,0,21.999
77,2,15.6,3,60.0,0.0,0.0,1.0,12.0,1,256.0,0.0,11.0,5,2.0,0,10.394
78,0,15.6,4,120.0,512.0,0.0,1.0,8.0,1,512.0,0.0,11.0,6,10.0,3,16.108
79,2,15.6,4,60.0,0.0,0.0,0.0,4.0,1,128.0,0.0,1.0,4,2.0,3,8.619
80,3,15.6,4,144.0,0.0,1.0,2.0,32.0,1,1024.0,0.0,12.0,7,10.0,0,35.999
81,0,15.6,4,144.0,0.0,1.0,2.0,8.0,1,512.0,0.0,12.0,6,8.0,3,22.999
82,8,15.6,3,120.0,0.0,0.0,0.0,8.0,1,256.0,0.0,11.0,5,2.0,3,14.79
83,0,15.6,4,60.0,256.0,1.0,1.0,8.0,2,256.0,0.0,3.0,5,8.0,0,9.499
84,1,14.0,1,120.0,0.0,1.0,1.0,18.0,1,1024.0,2.0,3.0,11,12.0,2,93.299
85,2,15.6,4,144.0,0.0,1.0,2.0,16.0,2,512.0,0.0,7.0,2,8.0,0,39.999
86,2,15.6,3,60.0,0.0,0.0,1.0,8.0,1,128.0,0.0,4.0,4,2.0,3,7.999
87,3,15.6,4,144.0,0.0,1.0,2.0,64.0,1,1024.0,0.0,12.0,7,10.0,0,37.999
89,2,15.6,3,60.0,0.0,1.0,0.0,8.0,1,512.0,0.0,12.0,6,10.0,0,13.199
90,1,14.0,1,120.0,0.0,1.0,1.0,18.0,1,1024.0,2.0,3.0,11,12.0,2,93.299
91,0,11.6,3,90.0,0.0,0.0,0.0,8.0,1,64.0,0.0,12.0,4,2.0,3,8.394
92,3,15.6,3,60.0,0.0,0.0,1.0,16.0,1,500.0,0.0,11.0,7,4.0,0,14.955
93,0,15.6,3,60.0,128.0,0.0,1.0,4.0,2,128.0,0.0,3.0,5,8.0,3,7.903
96,2,15.6,4,144.0,0.0,0.0,2.0,16.0,2,512.0,0.0,11.0,2,16.0,0,31.249
97,3,15.6,4,144.0,0.0,1.0,2.0,32.0,1,2048.0,0.0,12.0,6,8.0,0,34.999
98,10,15.6,3,60.0,0.0,1.0,0.0,8.0,1,512.0,0.0,11.0,6,4.0,0,15.962
99,10,17.3,4,144.0,0.0,1.0,2.0,32.0,2,1024.0,0.0,12.0,7,6.0,0,57.999
100,9,15.6,4,120.0,0.0,0.0,2.0,16.0,1,256.0,0.0,11.0,6,4.0,0,22.216
101,11,15.6,4,144.0,0.0,1.0,2.0,32.0,1,1024.0,0.0,12.0,7,10.0,0,37.199
102,7,15.6,3,60.0,0.0,0.0,0.0,8.0,1,512.0,0.0,13.0,6,10.0,0,14.999
103,10,15.6,4,144.0,0.0,1.0,2.0,16.0,1,1024.0,0.0,12.0,7,8.0,0,46.999
105,9,15.6,0,120.0,0.0,0.0,0.0,8.0,2,256.0,0.0,11.0,0,4.0,0,9.499
107,1,13.3,4,120.0,250.0,1.0,0.0,8.0,0,256.0,2.0,3.0,9,8.0,2,27.799
108,9,15.6,0,60.0,0.0,0.0,1.0,8.0,2,256.0,0.0,7.0,1,4.0,0,10.399
109,11,17.3,4,144.0,0.0,1.0,2.0,32.0,1,1024.0,0.0,13.0,6,12.0,0,30.999
110,11,15.6,4,144.0,0.0,1.0,2.0,32.0,1,1024.0,0.0,13.0,7,14.0,0,35.499
111,9,15.6,4,60.0,0.0,1.0,1.0,8.0,1,512.0,0.0,5.0,1,6.0,0,14.896
113,2,16.0,4,165.0,0.0,1.0,2.0,16.0,2,512.0,9.0,13.0,7,14.0,0,42.399
114,2,15.6,4,144.0,0.0,1.0,2.0,8.0,2,512.0,0.0,11.0,2,16.0,0,30.799
115,9,15.6,4,120.0,256.0,0.0,1.0,8.0,1,256.0,0.0,11.0,5,4.0,0,10.199
116,9,15.6,4,165.0,0.0,1.0,2.0,16.0,1,512.0,0.0,12.0,6,12.0,0,27.999
118,11,15.6,4,144.0,0.0,1.0,2.0,32.0,1,1024.0,0.0,12.0,6,8.0,0,34.299
119,7,15.6,0,144.0,0.0,0.0,2.0,16.0,1,512.0,0.0,5.0,1,6.0,3,26.016
120,7,15.6,0,120.0,0.0,0.0,1.0,16.0,1,512.0,0.0,5.0,2,8.0,3,13.859
121,13,14.0,3,120.0,0.0,0.0,1.0,8.0,1,256.0,0.0,10.0,5,2.0,0,14.3
122,9,15.6,4,144.0,0.0,1.0,2.0,16.0,2,512.0,5.0,13.0,7,6.0,0,38.995
123,4,15.6,3,120.0,512.0,0.0,1.0,8.0,1,512.0,0.0,11.0,6,8.0,3,15.699
124,9,15.6,4,144.0,500.0,0.0,2.0,8.0,2,512.0,0.0,12.0,6,8.0,3,25.999
125,2,15.6,3,120.0,0.0,0.0,0.0,4.0,1,256.0,0.0,10.0,5,2.0,3,9.479
126,12,13.3,3,90.0,256.0,1.0,1.0,8.0,1,256.0,0.0,5.0,5,8.0,3,22.3
127,10,15.6,4,60.0,0.0,1.0,2.0,8.0,1,512.0,0.0,11.0,6,6.0,0,23.499
128,7,16.1,4,144.0,0.0,1.0,2.0,16.0,2,1024.0,0.0,13.0,6,12.0,0,35.999
129,11,15.6,4,144.0,0.0,1.0,2.0,16.0,1,1024.0,0.0,11.0,7,8.0,0,29.999
130,2,15.6,3,90.0,256.0,0.0,0.0,8.0,1,256.0,0.0,10.0,6,10.0,3,12.999
131,7,15.6,4,60.0,0.0,0.0,1.0,8.0,1,512.0,0.0,5.0,2,8.0,3,12.869
132,3,15.6,4,144.0,0.0,1.0,2.0,16.0,1,1024.0,0.0,12.0,6,8.0,0,24.599
133,7,15.6,4,60.0,0.0,0.0,1.0,16.0,1,512.0,0.0,11.0,6,4.0,3,14.899
134,0,15.6,4,144.0,0.0,1.0,2.0,8.0,2,512.0,0.0,5.0,1,6.0,0,23.899
135,7,16.1,4,144.0,0.0,0.0,2.0,16.0,2,512.0,0.0,7.0,2,8.0,0,43.599
136,4,15.6,0,60.0,0.0,0.0,1.0,16.0,1,256.0,0.0,5.0,1,6.0,3,11.699
137,2,15.6,4,144.0,0.0,1.0,2.0,8.0,1,512.0,0.0,11.0,6,6.0,0,27.55
138,9,14.0,3,90.0,512.0,0.0,0.0,8.0,2,512.0,0.0,10.0,6,12.0,3,23.999
139,9,15.6,4,165.0,0.0,1.0,2.0,16.0,1,512.0,0.0,11.0,6,4.0,3,26.531
140,3,15.6,4,144.0,0.0,1.0,2.0,16.0,1,500.0,0.0,12.0,6,8.0,0,24.999
141,2,15.6,4,144.0,0.0,0.0,2.0,8.0,2,512.0,0.0,7.0,2,8.0,0,29.999
142,7,15.6,4,144.0,0.0,0.0,2.0,16.0,1,1024.0,0.0,13.0,7,14.0,0,38.479
145,9,15.6,3,60.0,0.0,0.0,0.0,4.0,1,256.0,0.0,12.0,5,6.0,0,9.449
146,0,15.6,4,144.0,0.0,1.0,2.0,16.0,2,1024.0,0.0,6.0,2,8.0,0,33.899
147,10,15.6,3,60.0,0.0,1.0,0.0,8.0,1,512.0,0.0,12.0,6,8.0,3,16.242
148,7,14.0,4,60.0,0.0,0.0,0.0,8.0,1,512.0,0.0,13.0,5,8.0,0,10.949
149,3,15.6,4,60.0,0.0,0.0,2.0,32.0,1,500.0,0.0,11.0,6,4.0,0,14.799
150,0,17.3,4,165.0,0.0,1.0,2.0,16.0,1,512.0,0.0,11.0,6,6.0,0,26.599
151,6,15.6,4,144.0,0.0,1.0,2.0,16.0,1,512.0,0.0,12.0,6,12.0,0,30.569
152,7,16.1,4,144.0,0.0,1.0,2.0,8.0,2,512.0,0.0,6.0,1,6.0,0,24.695
153,9,15.6,3,144.0,0.0,0.0,1.0,8.0,1,256.0,0.0,11.0,6,4.0,0,12.099
154,9,15.6,4,144.0,0.0,1.0,2.0,16.0,2,512.0,0.0,7.0,2,8.0,0,36.999
155,3,15.6,4,144.0,0.0,1.0,2.0,16.0,1,1024.0,0.0,12.0,6,8.0,0,26.299
156,2,15.6,3,60.0,0.0,0.0,0.0,16.0,1,1024.0,0.0,5.0,6,10.0,0,15.699
157,4,15.6,3,60.0,0.0,0.0,1.0,16.0,1,1024.0,0.0,11.0,6,4.0,3,15.999
159,2,15.6,3,60.0,0.0,0.0,0.0,4.0,1,256.0,0.0,11.0,5,4.0,0,9.08
161,2,16.0,4,165.0,0.0,0.0,2.0,16.0,2,512.0,0.0,13.0,7,8.0,0,51.405
162,14,15.6,3,90.0,0.0,1.0,1.0,16.0,2,512.0,0.0,11.0,7,4.0,3,23.999
163,4,15.6,4,120.0,0.0,1.0,2.0,16.0,2,512.0,0.0,13.0,7,24.0,0,33.999
164,7,15.6,0,60.0,0.0,0.0,0.0,8.0,1,256.0,0.0,5.0,0,4.0,0,10.179
165,7,16.0,4,144.0,0.0,1.0,2.0,16.0,2,1024.0,0.0,7.0,2,8.0,0,29.799
166,9,15.6,4,165.0,0.0,1.0,2.0,16.0,2,512.0,0.0,11.0,7,4.0,0,29.496
167,3,15.6,0,60.0,0.0,0.0,1.0,16.0,1,1024.0,0.0,5.0,2,8.0,0,13.999
168,8,15.6,3,144.0,512.0,0.0,0.0,16.0,1,512.0,0.0,4.0,6,12.0,3,24.999
169,7,15.6,3,60.0,0.0,0.0,1.0,8.0,1,256.0,0.0,11.0,6,4.0,0,10.499
170,9,16.0,0,60.0,512.0,1.0,1.0,16.0,1,512.0,0.0,5.0,2,1.0,3,25.785
171,9,14.0,0,90.0,1024.0,1.0,1.0,16.0,2,1024.0,6.0,5.0,2,8.0,0,34.999
172,3,15.6,4,144.0,0.0,1.0,2.0,32.0,1,500.0,0.0,12.0,6,8.0,0,32.999
173,3,15.6,4,60.0,0.0,0.0,1.0,16.0,1,500.0,0.0,5.0,1,6.0,0,11.999
174,10,17.3,4,144.0,0.0,1.0,2.0,16.0,2,512.0,0.0,12.0,7,10.0,0,50.999
175,4,15.6,4,120.0,0.0,0.0,2.0,16.0,2,512.0,0.0,13.0,7,14.0,0,37.999
176,9,15.6,0,60.0,0.0,0.0,1.0,16.0,1,512.0,0.0,5.0,2,8.0,0,13.799
177,7,14.0,4,60.0,0.0,0.0,0.0,8.0,1,512.0,0.0,11.0,7,4.0,3,34.999
178,2,18.0,4,240.0,0.0,1.0,2.0,16.0,2,1024.0,8.0,13.0,8,24.0,0,73.449
179,3,15.6,4,144.0,0.0,1.0,2.0,32.0,1,1024.0,0.0,12.0,7,10.0,0,29.999
180,9,15.6,3,60.0,0.0,0.0,0.0,4.0,1,256.0,0.0,11.0,5,2.0,0,8.999
181,7,15.6,4,144.0,0.0,0.0,2.0,16.0,2,512.0,0.0,13.0,6,12.0,0,26.995
182,2,14.0,3,120.0,0.0,0.0,1.0,8.0,1,256.0,0.0,11.0,4,2.0,3,9.059
183,9,15.6,4,120.0,0.0,0.0,2.0,16.0,1,1024.0,0.0,11.0,6,4.0,0,23.488
184,11,15.6,4,144.0,0.0,1.0,2.0,32.0,1,1024.0,0.0,12.0,6,8.0,0,29.999
185,4,15.6,3,60.0,0.0,0.0,1.0,32.0,1,1024.0,0.0,12.0,7,10.0,1,22.53
186,10,15.6,4,144.0,0.0,1.0,2.0,8.0,1,512.0,0.0,12.0,6,4.0,3,24.899
187,3,15.6,3,60.0,0.0,0.0,1.0,16.0,1,1024.0,0.0,11.0,7,4.0,0,16.93
188,2,15.6,3,60.0,0.0,0.0,0.0,8.0,1,256.0,0.0,11.0,6,4.0,0,12.799
189,10,17.3,4,144.0,0.0,1.0,2.0,16.0,1,1024.0,0.0,12.0,7,10.0,0,39.749
190,3,15.6,4,144.0,0.0,1.0,2.0,16.0,1,1024.0,0.0,12.0,6,8.0,0,31.299
191,8,14.0,4,60.0,0.0,0.0,0.0,8.0,0,256.0,5.0,10.0,5,2.0,3,13.499
193,10,17.3,4,144.0,0.0,0.0,2.0,16.0,1,1024.0,0.0,12.0,7,14.0,0,45.999
194,0,16.0,4,165.0,0.0,1.0,2.0,8.0,2,512.0,9.0,7.0,1,6.0,0,27.299
195,9,15.6,4,120.0,0.0,1.0,2.0,32.0,1,512.0,7.0,11.0,7,6.0,0,37.999
196,2,15.6,4,144.0,0.0,1.0,2.0,16.0,1,512.0,0.0,12.0,7,14.0,0,36.563
197,3,15.6,3,60.0,0.0,1.0,1.0,16.0,1,500.0,0.0,12.0,6,10.0,0,16.68
198,11,17.3,4,144.0,0.0,1.0,2.0,16.0,1,1024.0,0.0,13.0,7,14.0,0,39.999
199,1,14.0,1,120.0,0.0,0.0,1.0,16.0,2,512.0,2.0,13.0,10,12.0,2,68.769
200,11,15.6,4,144.0,0.0,1.0,2.0,16.0,1,1024.0,0.0,12.0,6,8.0,0,28.999
201,0,15.6,4,144.0,0.0,1.0,2.0,8.0,1,512.0,0.0,12.0,6,8.0,0,22.95
202,4,14.0,3,120.0,1024.0,0.0,0.0,8.0,1,0.0,0.0,11.0,5,2.0,0,9.449
203,9,15.6,4,60.0,0.0,0.0,0.0,8.0,1,512.0,0.0,11.0,6,4.0,0,15.599
204,3,15.6,0,60.0,0.0,0.0,1.0,8.0,1,500.0,0.0,5.0,1,6.0,0,11.499
205,2,14.0,4,60.0,0.0,1.0,0.0,8.0,2,512.0,7.0,12.0,6,12.0,3,27.649
206,0,15.6,3,60.0,0.0,0.0,0.0,4.0,1,128.0,0.0,3.0,5,8.0,3,8.099
207,7,15.6,4,90.0,0.0,0.0,2.0,16.0,1,512.0,0.0,11.0,6,4.0,3,29.694
208,7,15.6,0,60.0,0.0,0.0,1.0,8.0,1,256.0,0.0,5.0,1,6.0,0,10.699
209,9,15.6,4,60.0,0.0,0.0,1.0,16.0,1,512.0,0.0,5.0,2,8.0,0,14.799
210,10,15.6,4,144.0,0.0,1.0,2.0,16.0,1,1024.0,0.0,12.0,6,8.0,0,33.9
212,2,15.6,4,144.0,0.0,0.0,2.0,16.0,1,512.0,0.0,11.0,6,6.0,0,29.049
213,1,13.6,1,120.0,250.0,0.0,1.0,8.0,2,256.0,4.0,1.0,10,1.0,2,35.719
214,7,16.1,4,144.0,0.0,1.0,2.0,32.0,2,1024.0,0.0,13.0,7,14.0,0,43.699
216,9,15.6,4,120.0,0.0,1.0,2.0,16.0,1,512.0,0.0,12.0,6,12.0,0,24.599
217,9,15.6,3,60.0,0.0,0.0,0.0,4.0,1,256.0,0.0,1.0,4,2.0,3,8.125
218,2,15.6,4,144.0,0.0,1.0,2.0,16.0,1,1024.0,0.0,11.0,6,6.0,3,31.45
219,4,15.6,3,60.0,0.0,0.0,1.0,8.0,1,512.0,0.0,11.0,6,4.0,0,12.959
220,11,17.3,4,144.0,0.0,1.0,2.0,16.0,1,500.0,0.0,13.0,6,12.0,0,32.999
222,4,14.0,3,60.0,0.0,0.0,1.0,8.0,1,512.0,0.0,11.0,5,2.0,0,9.419
223,2,15.6,4,144.0,0.0,0.0,2.0,16.0,1,512.0,0.0,6.0,2,8.0,0,35.199
225,2,15.6,4,144.0,0.0,1.0,2.0,16.0,2,512.0,0.0,7.0,2,8.0,0,31.839
226,2,15.6,4,144.0,0.0,0.0,2.0,16.0,1,512.0,0.0,5.0,1,6.0,0,24.999
227,2,15.6,3,60.0,0.0,0.0,1.0,16.0,1,1024.0,0.0,5.0,4,2.0,0,13.789
228,9,15.6,3,120.0,0.0,0.0,1.0,16.0,1,512.0,0.0,12.0,7,8.0,0,20.119
229,9,15.6,4,120.0,0.0,1.0,2.0,16.0,2,512.0,0.0,7.0,1,6.0,0,28.399
230,9,15.6,0,120.0,0.0,0.0,0.0,16.0,1,256.0,0.0,7.0,2,8.0,0,11.599
231,0,15.6,4,165.0,0.0,1.0,2.0,16.0,2,1024.0,0.0,12.0,7,14.0,0,38.999
232,9,15.6,0,60.0,0.0,0.0,1.0,8.0,2,512.0,0.0,7.0,0,4.0,0,10.549
233,2,15.6,4,144.0,0.0,0.0,2.0,16.0,1,512.0,0.0,12.0,7,14.0,0,33.959
234,4,16.0,4,165.0,0.0,1.0,2.0,16.0,2,1024.0,3.0,13.0,7,24.0,3,59.999
236,10,17.3,4,144.0,0.0,1.0,2.0,32.0,2,1024.0,0.0,13.0,8,24.0,3,69.599
237,9,15.6,3,60.0,0.0,0.0,0.0,8.0,1,256.0,0.0,12.0,5,6.0,0,10.599
238,2,15.6,4,144.0,0.0,0.0,2.0,16.0,1,512.0,0.0,11.0,6,6.0,3,28.999
239,2,15.6,4,60.0,0.0,1.0,0.0,8.0,1,256.0,0.0,12.0,6,10.0,0,13.299
240,9,15.6,4,120.0,0.0,0.0,2.0,16.0,1,256.0,0.0,11.0,6,4.0,0,17.398
241,10,15.6,4,144.0,0.0,1.0,2.0,16.0,1,512.0,0.0,12.0,6,8.0,0,28.499
242,11,17.3,4,144.0,0.0,1.0,2.0,32.0,1,1024.0,0.0,13.0,7,14.0,3,40.999
243,3,16.0,4,165.0,0.0,1.0,2.0,64.0,2,2048.0,7.0,13.0,8,24.0,0,106.899
244,10,15.6,4,144.0,0.0,1.0,2.0,16.0,1,512.0,0.0,12.0,7,16.0,3,42.678
245,10,15.6,4,60.0,0.0,0.0,2.0,8.0,1,512.0,0.0,11.0,6,6.0,0,26.935
246,7,16.1,4,144.0,0.0,1.0,2.0,16.0,2,512.0,0.0,7.0,2,8.0,0,31.799
247,0,15.6,4,144.0,0.0,1.0,2.0,16.0,2,256.0,0.0,12.0,6,8.0,3,21.999
248,7,16.1,4,144.0,0.0,1.0,2.0,32.0,2,1024.0,0.0,13.0,7,14.0,0,41.999
249,3,15.6,4,144.0,0.0,1.0,2.0,8.0,1,500.0,0.0,12.0,6,8.0,0,25.099
250,7,15.6,0,120.0,0.0,0.0,1.0,16.0,1,512.0,0.0,5.0,1,6.0,0,15.628
251,9,15.6,3,60.0,0.0,1.0,1.0,8.0,2,512.0,0.0,12.0,6,8.0,0,14.999
252,2,15.6,4,144.0,0.0,1.0,2.0,16.0,1,512.0,0.0,11.0,6,6.0,3,25.799
253,2,18.0,3,60.0,256.0,1.0,0.0,8.0,0,256.0,0.0,12.0,6,8.0,0,14.404
254,8,16.0,3,120.0,0.0,0.0,1.0,16.0,2,1024.0,5.0,12.0,8,14.0,3,39.999
255,8,15.6,0,120.0,512.0,0.0,1.0,16.0,1,512.0,0.0,5.0,2,8.0,3,22.499
256,2,14.0,4,120.0,1024.0,0.0,2.0,16.0,1,0.0,0.0,5.0,3,8.0,3,35.999
257,2,16.0,4,165.0,0.0,0.0,2.0,16.0,1,512.0,9.0,12.0,7,14.0,0,42.799
258,7,16.1,4,144.0,0.0,1.0,2.0,16.0,2,1024.0,0.0,7.0,2,8.0,0,36.799
259,8,14.0,3,120.0,512.0,0.0,1.0,8.0,1,512.0,0.0,10.0,6,4.0,3,18.264
260,7,15.6,3,60.0,0.0,0.0,1.0,8.0,1,256.0,0.0,3.0,5,8.0,0,9.999
261,2,16.0,4,165.0,0.0,1.0,2.0,16.0,2,512.0,0.0,13.0,7,14.0,0,42.399
262,10,15.6,4,144.0,0.0,1.0,2.0,16.0,1,512.0,0.0,12.0,7,10.0,0,42.999
263,4,15.6,4,165.0,0.0,1.0,2.0,16.0,2,512.0,0.0,13.0,7,14.0,0,35.499
264,7,15.6,4,144.0,0.0,0.0,2.0,16.0,1,512.0,0.0,11.0,6,4.0,3,28.999
266,7,16.1,4,144.0,0.0,1.0,2.0,16.0,2,512.0,0.0,7.0,1,6.0,0,33.499
267,12,13.3,3,60.0,0.0,1.0,1.0,8.0,1,256.0,0.0,12.0,6,12.0,3,39.9
268,9,16.0,4,60.0,0.0,1.0,0.0,16.0,2,1024.0,0.0,13.0,7,10.0,3,52.99
269,9,15.6,4,120.0,0.0,1.0,2.0,8.0,1,256.0,0.0,11.0,6,4.0,0,22.999
270,7,15.6,0,144.0,0.0,1.0,2.0,32.0,1,512.0,0.0,5.0,1,6.0,0,23.799
271,11,17.3,4,144.0,0.0,1.0,2.0,16.0,1,1024.0,0.0,13.0,7,14.0,0,34.199
272,11,15.6,4,144.0,0.0,0.0,2.0,8.0,1,500.0,0.0,11.0,7,8.0,0,27.099
273,9,16.0,4,60.0,0.0,1.0,0.0,16.0,2,512.0,9.0,12.0,6,10.0,0,18.999
274,8,14.0,3,120.0,0.0,0.0,1.0,8.0,1,256.0,0.0,11.0,5,2.0,3,13.899
275,0,15.6,4,60.0,0.0,0.0,1.0,8.0,1,512.0,0.0,11.0,6,4.0,0,16.499
276,2,16.0,4,60.0,0.0,0.0,2.0,8.0,1,512.0,9.0,12.0,6,8.0,3,25.999
277,7,16.1,4,165.0,0.0,0.0,2.0,16.0,2,1024.0,5.0,12.0,7,14.0,0,39.899
279,3,15.6,4,144.0,0.0,1.0,2.0,16.0,1,1024.0,0.0,12.0,6,8.0,0,32.499
280,7,15.6,0,60.0,0.0,0.0,1.0,16.0,1,512.0,0.0,5.0,1,6.0,0,12.599
281,7,16.1,4,144.0,0.0,1.0,2.0,32.0,2,1024.0,0.0,7.0,2,8.0,0,40.999
282,1,15.0,1,120.0,256.0,1.0,1.0,8.0,2,256.0,5.0,2.0,10,8.0,2,44.379
283,2,15.6,4,120.0,0.0,0.0,2.0,8.0,1,512.0,0.0,11.0,6,8.0,3,25.699
284,10,16.0,4,144.0,0.0,1.0,2.0,16.0,2,1024.0,0.0,13.0,7,16.0,3,78.849
285,2,15.6,4,165.0,128.0,0.0,2.0,8.0,1,512.0,0.0,11.0,6,6.0,0,28.443
286,0,15.6,4,144.0,0.0,1.0,2.0,32.0,2,1024.0,0.0,6.0,2,8.0,0,35.899
287,9,15.6,4,144.0,0.0,1.0,2.0,16.0,2,512.0,0.0,12.0,6,8.0,0,29.999
288,9,14.0,3,120.0,0.0,0.0,0.0,4.0,1,128.0,0.0,11.0,4,2.0,0,9.489
289,0,15.6,4,165.0,0.0,1.0,2.0,32.0,2,1024.0,0.0,12.0,7,14.0,3,43.25
290,0,15.6,4,60.0,0.0,0.0,0.0,8.0,1,512.0,0.0,11.0,6,4.0,0,12.499
291,9,16.0,4,120.0,0.0,0.0,2.0,16.0,2,512.0,8.0,6.0,1,6.0,0,28.999
292,2,15.6,3,60.0,0.0,0.0,1.0,16.0,1,512.0,0.0,12.0,7,10.0,0,21.224
293,0,15.6,3,120.0,0.0,0.0,1.0,16.0,1,512.0,0.0,11.0,6,4.0,3,18.5
294,3,15.6,4,60.0,0.0,0.0,2.0,8.0,1,500.0,0.0,11.0,7,4.0,0,16.499
295,0,15.6,3,60.0,0.0,0.0,0.0,8.0,1,256.0,0.0,11.0,5,8.0,3,11.52
296,4,15.6,3,60.0,0.0,0.0,1.0,16.0,1,512.0,0.0,11.0,6,4.0,0,15.679
297,1,13.3,4,120.0,0.0,0.0,1.0,16.0,1,512.0,2.0,11.0,10,8.0,2,62.599
299,7,16.1,4,144.0,0.0,1.0,2.0,16.0,2,512.0,0.0,13.0,6,12.0,0,34.355
300,7,16.1,4,165.0,0.0,1.0,2.0,32.0,2,1024.0,0.0,13.0,7,16.0,0,45.899
301,3,15.6,3,60.0,0.0,0.0,0.0,8.0,1,240.0,0.0,9.0,4,2.0,0,9.15
302,0,17.3,4,144.0,0.0,1.0,2.0,16.0,2,512.0,0.0,12.0,7,14.0,0,39.4
303,2,15.6,4,144.0,0.0,1.0,2.0,8.0,1,512.0,0.0,11.0,6,6.0,0,33.333
304,7,15.6,4,144.0,0.0,0.0,2.0,16.0,1,512.0,0.0,13.0,7,14.0,0,36.899
305,10,17.3,4,144.0,0.0,1.0,2.0,16.0,2,512.0,0.0,13.0,8,14.0,0,54.599
307,7,16.1,4,144.0,0.0,1.0,2.0,32.0,2,512.0,0.0,13.0,7,14.0,0,50.459
308,2,15.6,4,144.0,0.0,1.0,2.0,16.0,2,512.0,0.0,7.0,2,24.0,0,38.999
309,3,15.6,4,144.0,0.0,1.0,2.0,32.0,1,1024.0,0.0,12.0,6,8.0,0,31.499
310,0,15.6,3,60.0,0.0,0.0,1.0,8.0,1,256.0,0.0,11.0,5,4.0,0,9.399
311,2,15.6,4,144.0,0.0,0.0,2.0,16.0,1,1024.0,0.0,11.0,6,6.0,3,31.15
312,9,16.0,4,165.0,0.0,1.0,2.0,32.0,2,1024.0,8.0,6.0,2,8.0,0,46.999
313,9,15.6,0,60.0,0.0,0.0,0.0,16.0,1,512.0,0.0,5.0,2,8.0,0,12.979
314,2,15.6,3,120.0,0.0,0.0,1.0,16.0,1,512.0,0.0,12.0,6,10.0,0,15.199
315,7,15.6,4,144.0,0.0,0.0,2.0,32.0,1,1024.0,0.0,13.0,7,14.0,0,35.131
316,2,15.6,4,144.0,0.0,0.0,2.0,16.0,1,1024.0,0.0,12.0,7,14.0,0,32.999
317,2,16.0,4,120.0,0.0,0.0,2.0,32.0,1,1024.0,8.0,13.0,8,14.0,0,49.999
318,3,15.6,4,144.0,0.0,1.0,2.0,32.0,1,1024.0,0.0,12.0,6,8.0,0,36.999
319,10,17.3,4,144.0,0.0,1.0,2.0,16.0,2,1024.0,0.0,12.0,7,10.0,0,52.199
320,3,16.0,4,165.0,0.0,1.0,2.0,32.0,2,1024.0,7.0,13.0,8,24.0,0,59.999
321,0,15.6,3,60.0,0.0,0.0,0.0,8.0,1,256.0,0.0,1.0,4,2.0,0,8.549
322,4,14.0,3,120.0,0.0,0.0,1.0,8.0,1,256.0,0.0,11.0,5,2.0,0,9.499
323,9,15.6,4,120.0,0.0,1.0,2.0,16.0,1,512.0,0.0,11.0,6,4.0,0,23.286
324,10,14.0,2,120.0,0.0,0.0,1.0,8.0,1,512.0,0.0,11.0,1,8.0,0,22.499
325,3,15.6,3,60.0,0.0,0.0,1.0,8.0,1,500.0,0.0,11.0,6,4.0,0,13.999
326,2,15.6,4,144.0,0.0,1.0,2.0,16.0,2,512.0,0.0,6.0,2,8.0,0,32.999
327,3,15.6,4,60.0,0.0,1.0,1.0,32.0,1,2048.0,0.0,12.0,7,10.0,0,21.799
328,0,15.6,4,90.0,0.0,1.0,2.0,8.0,1,1024.0,0.0,10.0,6,4.0,3,27.999
329,10,17.3,4,144.0,0.0,1.0,2.0,16.0,2,1024.0,0.0,12.0,7,10.0,0,57.449
330,11,15.6,4,144.0,0.0,1.0,2.0,32.0,1,1024.0,0.0,12.0,7,10.0,3,39.999
331,3,15.6,4,144.0,0.0,1.0,2.0,16.0,1,500.0,0.0,12.0,6,8.0,0,24.599
332,0,15.6,4,144.0,0.0,1.0,2.0,8.0,2,512.0,0.0,6.0,1,6.0,0,23.199
333,9,15.6,4,60.0,0.0,0.0,0.0,16.0,1,1024.0,0.0,12.0,7,10.0,3,30.899
334,0,15.6,4,144.0,0.0,1.0,2.0,16.0,2,512.0,0.0,6.0,1,6.0,0,24.499
335,0,15.6,4,165.0,0.0,1.0,2.0,16.0,2,512.0,0.0,12.0,7,14.0,0,36.999
337,0,15.6,4,144.0,0.0,1.0,2.0,16.0,2,512.0,0.0,6.0,1,6.0,0,24.899
338,14,15.6,3,90.0,0.0,1.0,1.0,16.0,2,512.0,0.0,11.0,7,4.0,3,27.749
339,9,15.6,4,120.0,0.0,0.0,2.0,16.0,1,512.0,0.0,11.0,6,4.0,0,19.462
340,2,15.6,3,60.0,0.0,0.0,0.0,8.0,1,1024.0,0.0,11.0,4,2.0,0,8.799
341,10,15.6,4,120.0,0.0,0.0,2.0,8.0,1,512.0,0.0,11.0,7,8.0,0,33.799
342,3,15.6,3,60.0,0.0,1.0,1.0,16.0,1,1024.0,0.0,12.0,6,10.0,0,15.999
343,12,15.6,3,60.0,0.0,0.0,1.0,8.0,1,256.0,0.0,12.0,6,10.0,0,22.149
344,11,15.6,4,144.0,0.0,1.0,2.0,16.0,1,1024.0,0.0,11.0,7,8.0,0,28.199
345,7,16.1,4,144.0,0.0,1.0,2.0,16.0,2,1024.0,0.0,12.0,7,14.0,0,36.999
346,2,15.6,3,60.0,0.0,0.0,1.0,16.0,1,512.0,0.0,12.0,6,10.0,3,17.899
347,7,15.6,3,60.0,0.0,0.0,1.0,16.0,1,512.0,0.0,11.0,6,4.0,3,15.299
348,3,15.6,4,144.0,0.0,1.0,2.0,64.0,1,2048.0,0.0,12.0,7,10.0,3,45.999
349,10,15.6,4,60.0,0.0,0.0,2.0,8.0,1,512.0,0.0,11.0,6,6.0,0,33.999
350,10,15.6,4,144.0,0.0,1.0,2.0,32.0,2,1024.0,0.0,13.0,7,14.0,3,69.989
351,10,17.3,4,144.0,0.0,0.0,2.0,16.0,2,1024.0,0.0,7.0,2,16.0,0,41.249
352,9,15.6,4,120.0,0.0,1.0,2.0,16.0,1,1024.0,0.0,12.0,6,8.0,0,27.599
353,7,17.3,4,165.0,0.0,1.0,2.0,16.0,2,1024.0,5.0,13.0,7,16.0,0,49.999
354,2,14.0,4,120.0,256.0,0.0,0.0,8.0,1,256.0,0.0,11.0,6,4.0,3,17.0
355,11,15.6,3,120.0,0.0,0.0,1.0,16.0,1,1024.0,0.0,12.0,6,10.0,0,19.999
356,5,15.6,3,60.0,0.0,1.0,1.0,8.0,1,500.0,0.0,11.0,6,4.0,0,10.799
357,1,13.3,1,60.0,0.0,0.0,0.0,16.0,1,256.0,2.0,11.0,9,8.0,2,34.999
358,0,15.6,4,144.0,1024.0,1.0,2.0,24.0,1,1024.0,5.0,11.0,6,6.0,3,27.26
359,7,15.6,4,144.0,0.0,0.0,2.0,8.0,1,512.0,0.0,11.0,1,6.0,0,25.999
360,3,15.6,4,144.0,0.0,1.0,2.0,32.0,1,1024.0,0.0,13.0,6,8.0,0,34.999
361,6,15.6,4,144.0,0.0,1.0,2.0,8.0,1,512.0,0.0,12.0,6,12.0,0,28.499
362,10,15.6,4,144.0,0.0,1.0,2.0,16.0,1,512.0,0.0,12.0,6,12.0,0,31.999
363,0,15.6,3,120.0,0.0,0.0,1.0,8.0,1,128.0,0.0,11.0,5,8.0,3,9.199
364,0,15.6,0,60.0,0.0,0.0,1.0,4.0,2,256.0,0.0,3.0,0,4.0,0,8.299
365,2,15.6,3,60.0,0.0,0.0,0.0,16.0,1,256.0,0.0,11.0,4,2.0,0,9.099
366,9,16.0,4,240.0,0.0,1.0,0.0,32.0,2,1024.0,8.0,12.0,7,14.0,3,53.499
367,8,16.0,4,120.0,0.0,0.0,1.0,16.0,1,512.0,0.0,11.0,6,8.0,3,22.999
368,2,15.6,3,360.0,256.0,0.0,0.0,4.0,1,0.0,0.0,3.0,4,2.0,1,9.499
369,0,15.6,3,60.0,0.0,1.0,0.0,8.0,1,128.0,0.0,5.0,4,2.0,3,8.799
370,2,15.6,4,60.0,0.0,0.0,1.0,16.0,1,512.0,0.0,13.0,6,10.0,0,18.499
371,1,13.0,1,120.0,256.0,0.0,1.0,8.0,1,256.0,2.0,2.0,10,8.0,2,40.949
372,9,15.6,0,60.0,0.0,0.0,1.0,16.0,1,512.0,0.0,5.0,2,8.0,0,15.289
373,4,15.6,4,60.0,0.0,0.0,1.0,16.0,1,512.0,0.0,11.0,6,4.0,0,18.499
374,11,17.0,4,240.0,0.0,1.0,2.0,32.0,2,1024.0,3.0,13.0,7,16.0,3,69.999
375,1,13.3,1,120.0,512.0,0.0,1.0,8.0,1,512.0,2.0,2.0,10,8.0,2,45.5
376,0,15.6,4,144.0,1024.0,1.0,1.0,8.0,1,1024.0,0.0,11.0,6,8.0,0,20.098
377,2,17.3,4,240.0,0.0,0.0,2.0,16.0,2,1024.0,7.0,7.0,3,12.0,0,66.499
378,7,15.6,4,144.0,0.0,0.0,2.0,16.0,1,512.0,0.0,5.0,2,8.0,0,28.099
379,9,15.6,3,120.0,0.0,0.0,0.0,8.0,1,256.0,0.0,11.0,5,8.0,3,11.673
380,9,15.6,4,120.0,0.0,0.0,2.0,16.0,1,256.0,0.0,11.0,6,4.0,0,19.022
381,2,16.0,4,165.0,0.0,1.0,2.0,16.0,2,1024.0,0.0,13.0,7,14.0,0,55.849
382,3,15.6,3,60.0,0.0,0.0,1.0,32.0,1,1024.0,0.0,12.0,6,10.0,0,16.999
383,11,17.3,4,144.0,0.0,1.0,2.0,32.0,1,1024.0,0.0,13.0,6,12.0,0,34.999
384,9,15.6,4,120.0,0.0,1.0,2.0,8.0,1,512.0,0.0,12.0,6,8.0,0,26.999
385,0,15.6,4,144.0,0.0,1.0,2.0,16.0,1,512.0,5.0,11.0,6,6.0,3,26.0
386,3,16.0,4,165.0,0.0,1.0,2.0,32.0,2,1024.0,7.0,13.0,7,16.0,0,48.999
387,4,15.6,4,165.0,0.0,1.0,2.0,32.0,2,1024.0,0.0,13.0,7,14.0,3,49.017
388,9,13.3,3,60.0,512.0,1.0,1.0,16.0,2,512.0,8.0,12.0,6,10.0,0,21.499
389,7,15.6,0,90.0,0.0,0.0,1.0,16.0,1,512.0,0.0,7.0,2,8.0,0,17.999
390,3,15.6,4,144.0,0.0,1.0,2.0,16.0,1,500.0,0.0,12.0,6,8.0,0,33.999
391,0,15.6,4,120.0,0.0,0.0,0.0,8.0,1,256.0,0.0,3.0,1,4.0,0,11.043
392,10,17.3,4,240.0,0.0,1.0,2.0,32.0,2,2048.0,3.0,13.0,8,24.0,3,84.599
393,2,14.0,4,120.0,500.0,0.0,2.0,16.0,1,0.0,0.0,5.0,1,6.0,3,27.999
394,11,16.0,4,165.0,0.0,1.0,2.0,32.0,1,1024.0,5.0,13.0,7,14.0,3,65.499
395,2,15.6,4,144.0,0.0,0.0,2.0,16.0,2,512.0,0.0,7.0,3,8.0,0,52.499
396,2,15.6,4,144.0,0.0,0.0,2.0,8.0,1,512.0,0.0,12.0,6,12.0,0,25.999
397,0,14.0,4,120.0,512.0,0.0,2.0,16.0,1,512.0,0.0,11.0,7,4.0,3,18.999
398,7,16.1,4,144.0,0.0,1.0,2.0,16.0,2,1024.0,0.0,13.0,7,14.0,0,45.999
399,7,14.0,4,120.0,0.0,0.0,0.0,4.0,1,256.0,5.0,10.0,7,10.0,0,16.0
400,9,14.0,3,120.0,0.0,0.0,1.0,4.0,1,256.0,0.0,10.0,5,8.0,3,11.449
401,9,15.6,4,120.0,0.0,1.0,2.0,16.0,2,512.0,0.0,6.0,2,8.0,0,28.399
403,3,15.6,3,60.0,0.0,0.0,1.0,4.0,1,120.0,0.0,11.0,4,2.0,3,7.999
404,2,15.6,4,144.0,0.0,1.0,2.0,32.0,2,1024.0,0.0,7.0,3,8.0,0,52.221
405,4,16.0,4,165.0,0.0,1.0,2.0,16.0,2,512.0,3.0,13.0,7,14.0,1,45.499
406,2,18.0,4,240.0,0.0,0.0,2.0,32.0,2,1024.0,3.0,13.0,8,8.0,0,74.999
407,3,15.6,4,144.0,0.0,1.0,2.0,8.0,1,500.0,0.0,12.0,6,8.0,3,26.799
408,9,15.6,0,120.0,0.0,0.0,1.0,16.0,1,256.0,0.0,5.0,1,6.0,0,14.49
409,0,15.6,4,144.0,0.0,1.0,0.0,16.0,1,1024.0,0.0,11.0,6,6.0,0,25.53
410,2,15.6,3,120.0,0.0,0.0,1.0,8.0,1,256.0,0.0,11.0,6,4.0,3,14.799
411,2,15.6,0,60.0,0.0,1.0,0.0,8.0,2,256.0,0.0,7.0,1,12.0,0,11.959
412,2,15.6,4,120.0,0.0,0.0,1.0,16.0,1,512.0,0.0,10.0,6,8.0,3,26.623
413,7,16.1,4,144.0,0.0,1.0,2.0,16.0,1,1024.0,0.0,12.0,6,6.0,0,29.499
414,2,15.6,3,60.0,0.0,0.0,0.0,8.0,1,512.0,0.0,12.0,6,10.0,3,16.799
416,2,15.6,4,60.0,0.0,0.0,1.0,16.0,1,512.0,0.0,11.0,7,4.0,0,26.999
417,0,15.6,3,60.0,0.0,0.0,0.0,8.0,1,256.0,0.0,11.0,6,4.0,3,11.899
418,9,15.6,4,165.0,1024.0,1.0,2.0,16.0,1,1024.0,0.0,12.0,7,14.0,3,38.999
419,10,17.3,4,144.0,0.0,1.0,2.0,32.0,1,1024.0,0.0,12.0,7,10.0,0,42.249
420,9,15.6,4,120.0,0.0,1.0,2.0,16.0,1,512.0,0.0,12.0,6,8.0,0,29.999
421,7,15.6,4,120.0,0.0,0.0,2.0,16.0,1,1024.0,0.0,12.0,6,10.0,0,20.599
422,9,15.6,4,120.0,0.0,1.0,0.0,16.0,2,512.0,0.0,7.0,2,8.0,0,33.799
423,0,15.6,4,144.0,0.0,0.0,0.0,16.0,1,512.0,0.0,5.0,1,6.0,1,22.3
424,7,14.0,3,120.0,0.0,0.0,1.0,8.0,1,512.0,0.0,12.0,5,6.0,3,13.924
425,2,18.0,4,240.0,0.0,1.0,2.0,32.0,2,1024.0,3.0,13.0,8,24.0,0,90.799
426,9,15.6,0,60.0,0.0,1.0,1.0,8.0,2,512.0,0.0,7.0,0,4.0,0,10.199
427,10,15.6,4,144.0,500.0,0.0,2.0,16.0,1,512.0,0.0,12.0,6,8.0,3,29.499
428,7,14.0,4,60.0,0.0,0.0,0.0,8.0,1,512.0,0.0,13.0,5,8.0,0,12.999
429,7,16.1,4,165.0,0.0,1.0,2.0,32.0,2,1024.0,0.0,13.0,7,16.0,0,67.999
430,11,14.1,3,60.0,0.0,0.0,1.0,16.0,1,512.0,0.0,12.0,7,10.0,0,22.499
432,3,15.6,4,144.0,0.0,1.0,2.0,64.0,1,2048.0,0.0,12.0,6,8.0,0,31.799
433,2,14.0,3,120.0,0.0,0.0,1.0,16.0,1,512.0,0.0,11.0,4,2.0,3,10.369
434,7,15.6,3,120.0,0.0,0.0,0.0,8.0,1,512.0,0.0,11.0,6,4.0,0,13.599
435,0,15.6,4,165.0,0.0,1.0,2.0,32.0,2,1024.0,0.0,12.0,7,14.0,0,44.999
436,7,14.0,3,120.0,0.0,0.0,1.0,32.0,1,2048.0,0.0,12.0,5,6.0,0,19.42
437,2,15.6,4,60.0,0.0,1.0,1.0,16.0,1,512.0,0.0,12.0,6,8.0,0,16.93
438,7,16.1,4,144.0,0.0,1.0,2.0,16.0,2,1024.0,0.0,7.0,2,8.0,0,34.399
439,11,15.6,4,144.0,0.0,1.0,2.0,16.0,1,500.0,0.0,11.0,7,8.0,0,28.799
440,3,15.6,3,60.0,0.0,0.0,1.0,8.0,1,500.0,0.0,11.0,6,4.0,0,12.999
441,11,17.0,4,240.0,0.0,1.0,2.0,64.0,2,2048.0,3.0,13.0,8,24.0,0,97.899
442,4,13.0,3,120.0,0.0,1.0,1.0,16.0,2,1024.0,5.0,12.0,7,10.0,3,89.32
443,2,15.6,4,144.0,0.0,1.0,2.0,16.0,1,512.0,0.0,4.0,2,8.0,0,42.999
444,7,15.6,4,144.0,0.0,0.0,2.0,32.0,1,1024.0,0.0,13.0,7,14.0,3,36.671
445,0,18.0,4,90.0,500.0,1.0,0.0,36.0,0,32.0,4.0,5.0,5,10.0,3,24.769
446,7,16.1,4,144.0,0.0,1.0,2.0,8.0,2,512.0,0.0,6.0,1,6.0,0,24.999
447,10,17.3,4,144.0,0.0,1.0,2.0,64.0,2,1024.0,0.0,12.0,7,10.0,3,71.199
448,0,15.6,4,144.0,0.0,1.0,2.0,8.0,2,512.0,0.0,12.0,6,12.0,0,28.49
449,2,15.6,4,144.0,0.0,0.0,2.0,16.0,1,512.0,0.0,12.0,7,6.0,0,35.521
450,2,13.3,3,120.0,512.0,0.0,1.0,8.0,1,512.0,0.0,10.0,6,4.0,3,29.814
451,1,13.0,1,120.0,0.0,0.0,1.0,16.0,1,256.0,2.0,11.0,10,8.0,2,44.239
452,2,16.0,4,120.0,0.0,0.0,2.0,16.0,1,1024.0,9.0,13.0,6,12.0,0,34.999
453,7,15.6,4,60.0,0.0,0.0,1.0,8.0,1,512.0,0.0,12.0,6,10.0,0,15.299
454,2,18.0,4,240.0,0.0,1.0,2.0,16.0,2,1024.0,3.0,13.0,8,24.0,0,73.449
455,4,14.0,3,60.0,1024.0,1.0,0.0,4.0,1,0.0,0.0,11.0,5,2.0,0,8.499
456,0,17.3,4,144.0,0.0,1.0,2.0,16.0,2,512.0,0.0,6.0,2,8.0,0,45.54
457,11,15.6,4,144.0,0.0,1.0,2.0,16.0,1,1024.0,0.0,12.0,6,8.0,0,34.199
458,3,16.0,4,165.0,0.0,1.0,2.0,64.0,2,2048.0,7.0,13.0,8,24.0,0,66.099
460,4,14.0,4,120.0,0.0,0.0,1.0,16.0,1,512.0,0.0,11.0,6,4.0,0,14.132
461,7,16.1,4,144.0,0.0,0.0,2.0,32.0,2,1024.0,0.0,7.0,2,8.0,0,40.999
462,0,15.6,4,144.0,0.0,0.0,2.0,16.0,2,512.0,0.0,13.0,7,10.0,0,33.199
463,2,15.6,3,60.0,0.0,0.0,1.0,8.0,1,512.0,0.0,12.0,5,6.0,0,10.999
464,1,13.0,1,120.0,256.0,0.0,0.0,16.0,1,256.0,2.0,11.0,9,8.0,2,37.149
465,0,18.0,4,90.0,500.0,1.0,0.0,36.0,0,32.0,4.0,5.0,5,10.0,3,28.119
466,10,17.3,4,144.0,0.0,1.0,2.0,32.0,2,1024.0,0.0,13.0,8,14.0,3,63.899
467,11,15.6,4,144.0,0.0,1.0,2.0,32.0,1,1024.0,0.0,11.0,7,8.0,3,31.499
468,9,15.6,4,165.0,256.0,1.0,2.0,8.0,0,512.0,0.0,2.0,6,16.0,3,27.9
469,3,15.6,3,60.0,0.0,0.0,1.0,8.0,1,500.0,0.0,11.0,6,4.0,3,15.849
470,7,16.1,4,144.0,0.0,0.0,2.0,16.0,2,1024.0,0.0,13.0,7,14.0,0,45.869
471,7,14.0,4,60.0,0.0,0.0,0.0,8.0,1,512.0,0.0,12.0,6,10.0,0,20.883
472,9,14.0,3,165.0,250.0,1.0,1.0,4.0,2,128.0,0.0,1.0,4,2.0,0,8.499
473,0,17.3,4,360.0,0.0,0.0,2.0,32.0,1,1024.0,0.0,5.0,2,8.0,0,57.999
474,2,14.0,0,120.0,512.0,0.0,0.0,16.0,1,0.0,0.0,5.0,1,6.0,3,33.999
475,9,14.0,3,60.0,0.0,1.0,1.0,8.0,2,1024.0,9.0,12.0,6,12.0,3,29.064
476,7,14.0,3,120.0,0.0,0.0,1.0,32.0,1,2048.0,0.0,12.0,5,6.0,0,19.42
477,0,15.6,4,144.0,0.0,1.0,2.0,8.0,2,1024.0,0.0,12.0,6,12.0,0,29.999
478,0,15.6,4,144.0,0.0,1.0,2.0,16.0,1,512.0,0.0,11.0,7,8.0,0,36.154
479,7,14.0,3,120.0,0.0,0.0,1.0,64.0,1,256.0,0.0,12.0,5,6.0,3,19.082
480,7,14.0,3,120.0,0.0,0.0,1.0,32.0,1,512.0,0.0,12.0,5,6.0,3,16.217
481,7,14.0,3,120.0,0.0,0.0,1.0,16.0,1,256.0,0.0,12.0,5,6.0,3,14.321
482,7,14.0,3,120.0,0.0,0.0,1.0,16.0,1,512.0,0.0,12.0,5,6.0,0,14.142
483,7,14.0,3,120.0,0.0,0.0,1.0,16.0,1,1024.0,0.0,12.0,5,6.0,0,16.0
484,2,15.6,4,120.0,0.0,1.0,0.0,16.0,2,1024.0,7.0,12.0,7,10.0,3,44.95
485,10,15.6,4,60.0,0.0,1.0,0.0,8.0,1,512.0,0.0,12.0,6,10.0,0,17.299
486,3,15.6,4,144.0,0.0,1.0,2.0,32.0,1,1024.0,0.0,12.0,7,10.0,0,35.999
487,0,14.0,3,60.0,0.0,0.0,1.0,16.0,1,512.0,0.0,11.0,6,5.0,0,16.5
488,1,14.0,4,120.0,0.0,0.0,1.0,16.0,1,512.0,2.0,11.0,10,8.0,2,66.899
489,4,14.0,3,60.0,0.0,0.0,1.0,8.0,1,256.0,0.0,11.0,5,2.0,0,9.084
490,2,15.6,4,60.0,0.0,0.0,1.0,16.0,1,1024.0,0.0,13.0,7,10.0,0,25.499
491,3,15.6,4,144.0,0.0,1.0,2.0,32.0,1,2048.0,0.0,12.0,7,10.0,0,39.999
492,4,15.6,4,120.0,0.0,1.0,2.0,16.0,2,512.0,0.0,13.0,6,10.0,1,31.249
493,9,15.6,3,60.0,0.0,1.0,1.0,16.0,1,256.0,0.0,12.0,6,10.0,0,14.361
494,11,15.6,3,120.0,0.0,0.0,1.0,8.0,1,512.0,0.0,12.0,6,10.0,0,18.299
495,4,15.6,0,120.0,0.0,0.0,1.0,32.0,1,512.0,0.0,5.0,2,8.0,0,17.799
496,0,15.6,0,60.0,0.0,0.0,1.0,8.0,2,256.0,0.0,7.0,1,4.0,0,9.999
497,9,15.6,0,90.0,1024.0,0.0,2.0,4.0,2,128.0,0.0,9.0,0,2.0,3,12.985
498,9,15.6,3,60.0,128.0,0.0,1.0,4.0,1,256.0,0.0,11.0,4,4.0,0,8.44
499,9,15.6,3,60.0,128.0,0.0,1.0,4.0,1,0.0,0.0,4.0,4,4.0,0,7.499
500,3,15.6,4,144.0,0.0,1.0,2.0,16.0,1,500.0,0.0,12.0,7,10.0,0,35.599
501,4,14.0,3,120.0,1024.0,0.0,0.0,8.0,1,256.0,0.0,11.0,5,2.0,0,9.799
502,2,14.0,4,120.0,512.0,0.0,0.0,16.0,1,0.0,0.0,5.0,1,6.0,3,29.999
503,2,14.0,0,120.0,0.0,0.0,0.0,4.0,1,256.0,0.0,3.0,0,8.0,0,9.899
504,13,13.3,2,240.0,1024.0,0.0,0.0,8.0,0,0.0,0.0,7.0,6,2.0,3,26.785
505,2,16.0,0,60.0,0.0,0.0,1.0,8.0,1,256.0,9.0,5.0,1,12.0,0,15.999
506,11,15.6,4,144.0,0.0,1.0,2.0,16.0,1,1024.0,0.0,13.0,7,14.0,0,33.699
507,11,15.6,4,144.0,0.0,1.0,2.0,32.0,1,1024.0,0.0,12.0,6,8.0,3,33.199
508,2,15.6,4,144.0,0.0,0.0,2.0,16.0,2,1024.0,0.0,13.0,7,24.0,0,40.699
509,2,15.6,3,60.0,0.0,0.0,0.0,16.0,1,256.0,0.0,5.0,6,10.0,0,14.299
510,1,15.0,1,120.0,256.0,1.0,1.0,8.0,2,256.0,5.0,2.0,10,8.0,2,44.39
511,7,16.1,4,144.0,0.0,1.0,2.0,32.0,2,1024.0,0.0,7.0,2,8.0,3,33.659
512,2,15.6,4,144.0,0.0,1.0,2.0,16.0,2,512.0,0.0,7.0,3,8.0,0,51.741
513,1,13.0,1,144.0,512.0,0.0,1.0,8.0,1,256.0,2.0,2.0,10,8.0,2,41.639
514,9,15.6,3,120.0,256.0,0.0,1.0,8.0,2,256.0,0.0,12.0,6,8.0,3,15.999
515,9,14.0,2,120.0,1024.0,0.0,0.0,4.0,1,0.0,0.0,11.0,4,2.0,0,9.489
516,9,15.6,0,60.0,0.0,0.0,1.0,16.0,1,512.0,0.0,7.0,2,8.0,0,21.299
518,9,15.6,4,120.0,0.0,1.0,2.0,16.0,1,1024.0,0.0,11.0,6,4.0,0,24.362
519,4,18.0,4,480.0,0.0,1.0,2.0,32.0,2,1024.0,0.0,7.0,3,12.0,3,84.1
520,9,15.6,4,120.0,0.0,0.0,2.0,32.0,1,1024.0,0.0,12.0,7,10.0,0,39.402
521,9,15.6,4,120.0,0.0,1.0,2.0,8.0,1,512.0,0.0,12.0,6,8.0,0,24.849
522,2,15.6,4,144.0,0.0,1.0,2.0,32.0,1,1024.0,0.0,11.0,6,6.0,0,30.72
523,2,15.6,3,120.0,256.0,0.0,1.0,8.0,1,256.0,0.0,11.0,6,8.0,3,14.949
524,9,14.0,3,90.0,1024.0,1.0,1.0,32.0,2,1024.0,6.0,12.0,7,6.0,3,59.999
525,7,15.6,4,144.0,0.0,1.0,2.0,16.0,1,512.0,0.0,12.0,6,16.0,0,29.399
526,2,15.6,4,144.0,0.0,1.0,2.0,8.0,2,512.0,0.0,7.0,2,8.0,3,38.93
527,2,14.0,3,60.0,0.0,0.0,1.0,8.0,1,128.0,0.0,11.0,4,2.0,3,9.499
528,2,7.0,0,120.0,500.0,1.0,2.0,16.0,2,512.0,0.0,11.0,0,6.0,3,29.788
529,2,15.6,2,120.0,0.0,0.0,0.0,4.0,1,128.0,0.0,11.0,4,2.0,3,9.899
530,7,15.6,4,144.0,0.0,1.0,2.0,16.0,1,1024.0,0.0,13.0,6,12.0,0,32.619
531,7,16.1,4,144.0,0.0,1.0,2.0,8.0,2,512.0,0.0,6.0,2,8.0,0,26.595
532,1,13.6,1,120.0,0.0,0.0,1.0,16.0,1,512.0,5.0,11.0,10,8.0,2,52.299
533,0,15.6,3,60.0,250.0,0.0,2.0,8.0,0,256.0,5.0,4.0,4,4.0,0,8.893
534,7,16.1,4,144.0,0.0,1.0,2.0,8.0,2,512.0,0.0,6.0,2,8.0,0,26.093
535,2,14.0,4,60.0,250.0,0.0,1.0,8.0,1,256.0,0.0,8.0,7,4.0,0,18.59
536,4,17.3,4,60.0,0.0,0.0,0.0,8.0,1,256.0,0.0,11.0,5,8.0,0,174.452
537,9,15.6,0,165.0,512.0,0.0,0.0,8.0,2,512.0,0.0,11.0,1,4.0,3,13.566
538,4,15.6,3,60.0,0.0,0.0,1.0,16.0,1,1024.0,0.0,11.0,6,4.0,3,16.999
539,7,15.6,4,144.0,0.0,1.0,2.0,16.0,1,512.0,0.0,12.0,6,12.0,0,29.799
540,3,15.6,4,144.0,0.0,1.0,2.0,64.0,1,1024.0,0.0,12.0,6,8.0,0,29.999
541,0,15.6,4,60.0,0.0,0.0,1.0,8.0,1,512.0,0.0,11.0,6,4.0,3,17.99
542,10,15.6,4,240.0,0.0,1.0,2.0,64.0,1,1024.0,0.0,12.0,7,8.0,3,53.21
543,2,16.0,4,120.0,0.0,1.0,2.0,32.0,1,1024.0,9.0,13.0,8,14.0,0,45.599
544,4,15.6,3,120.0,0.0,0.0,1.0,16.0,1,512.0,0.0,11.0,6,4.0,0,13.799
545,9,15.6,3,60.0,0.0,0.0,1.0,8.0,1,512.0,0.0,12.0,5,6.0,0,11.699
546,7,17.3,4,240.0,0.0,1.0,2.0,64.0,2,4096.0,5.0,13.0,8,24.0,3,164.8
547,9,15.6,4,60.0,0.0,0.0,1.0,8.0,2,1024.0,0.0,7.0,1,4.0,0,11.049
548,0,15.6,4,144.0,0.0,1.0,2.0,16.0,1,512.0,0.0,12.0,7,14.0,0,39.599
549,11,15.6,3,120.0,0.0,0.0,1.0,16.0,1,512.0,0.0,12.0,6,10.0,0,19.249
550,7,16.1,4,60.0,0.0,0.0,2.0,16.0,2,512.0,0.0,13.0,6,14.0,0,41.999
551,10,17.3,4,144.0,0.0,1.0,2.0,16.0,1,512.0,0.0,12.0,7,10.0,0,41.749
552,3,15.6,4,144.0,0.0,1.0,2.0,16.0,1,1024.0,0.0,12.0,7,10.0,0,36.199
553,10,15.6,4,144.0,0.0,1.0,2.0,16.0,2,512.0,0.0,13.0,8,10.0,0,56.509
554,4,15.6,3,120.0,0.0,0.0,1.0,16.0,1,512.0,0.0,11.0,6,4.0,3,15.772
555,0,15.6,4,60.0,0.0,0.0,2.0,16.0,1,512.0,0.0,11.0,7,4.0,3,22.979
556,7,15.6,3,60.0,0.0,0.0,1.0,8.0,1,512.0,0.0,11.0,6,4.0,0,13.399
557,9,15.6,4,165.0,500.0,0.0,2.0,8.0,1,0.0,0.0,11.0,6,4.0,3,30.0
558,3,15.6,4,60.0,0.0,0.0,2.0,16.0,1,500.0,0.0,12.0,6,10.0,0,16.499
559,0,15.6,4,144.0,0.0,0.0,2.0,32.0,2,512.0,0.0,13.0,7,10.0,0,34.999
560,10,17.3,4,144.0,0.0,1.0,2.0,16.0,2,1024.0,0.0,12.0,7,10.0,3,63.499
561,9,14.0,3,60.0,0.0,1.0,0.0,8.0,1,512.0,9.0,12.0,6,10.0,3,23.999
562,2,13.3,3,60.0,0.0,0.0,1.0,16.0,1,1024.0,0.0,11.0,7,8.0,0,49.999
563,2,16.0,4,60.0,0.0,0.0,2.0,16.0,1,1024.0,9.0,12.0,6,8.0,3,30.0
564,4,16.0,4,165.0,0.0,1.0,2.0,32.0,2,1024.0,3.0,13.0,7,16.0,1,48.509
565,10,17.3,4,240.0,0.0,1.0,2.0,64.0,2,2048.0,3.0,13.0,8,24.0,3,89.999
566,1,13.3,4,120.0,0.0,0.0,0.0,8.0,1,256.0,2.0,11.0,9,8.0,2,40.999
567,9,15.6,4,165.0,0.0,0.0,2.0,16.0,1,512.0,7.0,11.0,7,6.0,0,36.999
568,1,14.0,1,120.0,0.0,1.0,1.0,18.0,1,512.0,2.0,3.0,11,10.0,2,78.899
569,2,14.0,4,60.0,0.0,0.0,1.0,16.0,1,512.0,0.0,11.0,6,4.0,0,17.499
570,9,15.6,3,60.0,0.0,0.0,1.0,8.0,1,256.0,0.0,12.0,6,10.0,0,12.884
571,10,15.6,4,144.0,0.0,1.0,2.0,16.0,1,1024.0,0.0,12.0,7,24.0,0,56.999
572,9,15.6,3,60.0,0.0,0.0,1.0,16.0,1,256.0,0.0,12.0,5,6.0,0,11.399
573,9,15.6,3,60.0,0.0,0.0,1.0,16.0,1,512.0,0.0,12.0,5,6.0,0,12.299
574,0,15.6,4,120.0,0.0,0.0,1.0,16.0,1,512.0,0.0,11.0,6,4.0,3,20.2
575,9,15.6,0,60.0,0.0,0.0,1.0,8.0,1,512.0,0.0,12.0,2,10.0,0,12.374
576,9,15.6,3,60.0,0.0,1.0,1.0,16.0,1,512.0,0.0,12.0,6,10.0,0,15.141
578,2,15.6,3,60.0,0.0,0.0,1.0,40.0,1,1024.0,0.0,12.0,7,10.0,3,26.788
579,2,15.6,4,144.0,0.0,1.0,2.0,16.0,1,512.0,0.0,12.0,7,14.0,3,39.999
580,0,15.6,4,144.0,0.0,1.0,2.0,8.0,2,512.0,0.0,13.0,6,8.0,0,29.799
581,7,16.1,4,144.0,0.0,0.0,2.0,32.0,2,1024.0,0.0,13.0,7,14.0,0,40.499
582,3,15.6,4,144.0,0.0,1.0,2.0,16.0,1,1024.0,0.0,12.0,6,8.0,0,33.999
583,9,14.0,3,60.0,512.0,1.0,1.0,8.0,2,512.0,0.0,12.0,6,8.0,0,13.889
584,3,15.6,3,60.0,0.0,0.0,1.0,16.0,1,500.0,0.0,11.0,6,4.0,0,14.999
585,10,15.6,4,144.0,0.0,1.0,2.0,32.0,2,1024.0,0.0,13.0,7,14.0,3,75.529
586,3,15.6,4,144.0,0.0,1.0,2.0,64.0,1,1024.0,0.0,12.0,7,10.0,0,35.999
587,0,15.6,4,144.0,0.0,1.0,2.0,16.0,2,512.0,0.0,6.0,2,8.0,0,34.499
588,9,16.0,4,165.0,0.0,1.0,2.0,16.0,2,512.0,8.0,6.0,2,8.0,3,43.5
589,9,15.6,3,120.0,0.0,0.0,1.0,12.0,1,512.0,0.0,11.0,5,2.0,0,10.999
590,3,15.6,4,144.0,0.0,1.0,2.0,16.0,1,500.0,0.0,12.0,6,8.0,0,25.499
591,2,13.4,4,120.0,0.0,1.0,2.0,16.0,2,1024.0,0.0,12.0,8,14.0,3,42.949
592,4,15.6,4,165.0,0.0,1.0,2.0,32.0,2,1024.0,0.0,13.0,8,24.0,0,51.279
593,7,16.1,4,144.0,0.0,1.0,2.0,16.0,2,512.0,0.0,7.0,2,8.0,0,29.999
594,9,15.6,4,60.0,0.0,1.0,1.0,8.0,1,512.0,0.0,12.0,6,8.0,0,24.899
595,7,16.1,4,144.0,0.0,1.0,2.0,16.0,2,1024.0,0.0,7.0,2,8.0,0,32.832
596,2,15.6,4,144.0,0.0,1.0,2.0,16.0,2,512.0,0.0,7.0,3,8.0,0,51.899
597,7,16.1,4,144.0,0.0,1.0,2.0,32.0,1,2048.0,0.0,5.0,2,8.0,3,33.659
598,7,15.6,4,144.0,0.0,1.0,2.0,16.0,1,512.0,0.0,12.0,6,12.0,3,36.449
599,2,14.0,0,60.0,0.0,0.0,0.0,16.0,1,512.0,0.0,4.0,1,6.0,0,14.299
600,0,15.6,4,144.0,0.0,0.0,2.0,16.0,2,512.0,0.0,13.0,6,8.0,0,30.999
601,9,15.6,0,60.0,0.0,1.0,1.0,8.0,2,256.0,0.0,10.0,0,2.0,0,11.99
602,2,15.6,3,60.0,0.0,0.0,1.0,4.0,1,256.0,0.0,11.0,6,4.0,0,12.999
603,9,15.6,3,60.0,0.0,1.0,0.0,16.0,1,512.0,0.0,11.0,6,4.0,0,16.599
604,9,12.4,3,120.0,512.0,0.0,1.0,16.0,1,512.0,10.0,12.0,7,10.0,3,34.737
605,7,15.6,0,120.0,0.0,0.0,1.0,16.0,1,512.0,0.0,5.0,1,6.0,0,13.299
606,7,16.1,4,144.0,0.0,0.0,2.0,16.0,2,512.0,0.0,7.0,1,6.0,0,29.999
607,9,15.6,4,60.0,0.0,0.0,1.0,8.0,1,256.0,0.0,11.0,7,4.0,3,30.249
608,10,15.6,4,144.0,0.0,1.0,2.0,8.0,1,512.0,0.0,12.0,6,8.0,0,29.999
609,9,15.6,4,60.0,0.0,1.0,1.0,16.0,1,512.0,0.0,12.0,6,8.0,0,25.899
610,3,15.6,4,144.0,0.0,1.0,2.0,32.0,1,2048.0,0.0,12.0,6,8.0,0,32.999
611,9,15.6,3,60.0,0.0,0.0,0.0,4.0,1,128.0,0.0,9.0,4,2.0,0,6.679
612,0,15.6,4,144.0,0.0,1.0,2.0,8.0,2,512.0,0.0,12.0,6,12.0,0,29.999
613,7,16.1,4,144.0,0.0,1.0,2.0,16.0,2,512.0,0.0,13.0,6,8.0,0,36.999
614,0,15.6,0,60.0,0.0,0.0,0.0,8.0,2,512.0,0.0,7.0,0,4.0,0,10.499
615,4,15.6,4,165.0,0.0,1.0,2.0,16.0,2,512.0,0.0,13.0,7,14.0,3,39.899
616,13,14.0,0,60.0,256.0,0.0,0.0,8.0,1,500.0,4.0,2.0,0,1.0,0,21.066
617,0,15.6,3,120.0,0.0,0.0,1.0,4.0,1,128.0,0.0,11.0,5,8.0,3,8.399
618,11,15.6,3,120.0,0.0,0.0,2.0,32.0,1,1024.0,0.0,12.0,7,10.0,0,26.499
619,7,15.6,4,144.0,0.0,1.0,2.0,32.0,1,1024.0,0.0,12.0,6,12.0,3,39.549
620,4,15.6,4,120.0,0.0,0.0,1.0,16.0,1,512.0,0.0,6.0,2,6.0,0,15.299
621,7,15.6,4,120.0,0.0,0.0,2.0,8.0,1,512.0,0.0,12.0,6,10.0,0,19.199
622,9,13.3,0,90.0,0.0,1.0,1.0,16.0,1,512.0,9.0,7.0,2,8.0,0,32.999
623,2,15.6,4,144.0,0.0,1.0,2.0,16.0,1,1024.0,0.0,5.0,1,6.0,0,25.999
624,4,15.6,3,120.0,0.0,1.0,1.0,16.0,1,1024.0,0.0,12.0,7,10.0,0,20.999
625,11,15.6,3,120.0,0.0,1.0,1.0,32.0,1,1024.0,0.0,12.0,7,10.0,0,26.499
626,2,15.6,0,60.0,0.0,0.0,1.0,8.0,1,512.0,0.0,5.0,1,4.0,0,11.89
627,9,15.6,3,60.0,0.0,0.0,1.0,16.0,1,1024.0,0.0,12.0,5,6.0,0,12.799
628,13,12.5,2,165.0,500.0,0.0,0.0,8.0,0,256.0,0.0,6.0,7,2.0,3,33.482
629,2,15.6,3,60.0,0.0,0.0,0.0,8.0,1,512.0,0.0,11.0,4,2.0,0,8.899
630,2,14.0,3,60.0,0.0,0.0,0.0,8.0,1,128.0,0.0,11.0,4,2.0,3,8.999
631,9,14.0,4,60.0,0.0,0.0,1.0,8.0,1,512.0,8.0,5.0,2,8.0,3,26.999
632,9,15.6,3,60.0,256.0,0.0,1.0,4.0,1,256.0,0.0,11.0,5,2.0,0,9.539
633,7,15.6,4,144.0,0.0,1.0,2.0,32.0,1,1024.0,0.0,13.0,7,14.0,0,39.749
634,6,17.3,4,360.0,0.0,0.0,2.0,16.0,1,512.0,0.0,12.0,6,12.0,0,43.999
635,7,16.1,4,240.0,0.0,1.0,2.0,32.0,2,1024.0,5.0,7.0,2,8.0,0,52.799
636,7,16.1,4,144.0,0.0,1.0,2.0,16.0,2,512.0,0.0,13.0,7,14.0,0,35.999
637,8,16.0,3,120.0,0.0,0.0,1.0,16.0,1,1024.0,10.0,13.0,8,8.0,3,42.25
638,0,15.6,3,120.0,512.0,0.0,1.0,16.0,1,512.0,0.0,11.0,7,4.0,3,22.599
639,10,15.6,4,144.0,0.0,1.0,2.0,16.0,1,512.0,0.0,12.0,7,10.0,3,36.484
640,9,15.6,3,120.0,512.0,0.0,1.0,8.0,1,512.0,0.0,11.0,6,4.0,3,16.999
641,9,15.6,3,60.0,0.0,1.0,0.0,16.0,1,1024.0,0.0,12.0,6,10.0,0,15.399
642,7,17.3,4,240.0,0.0,1.0,2.0,32.0,2,1024.0,5.0,13.0,8,24.0,0,94.999
643,9,14.0,3,144.0,256.0,0.0,0.0,4.0,1,256.0,0.0,2.0,4,24.0,0,9.499
644,2,14.0,4,120.0,0.0,0.0,1.0,16.0,1,512.0,0.0,11.0,6,8.0,3,34.149
645,10,15.6,4,144.0,0.0,1.0,2.0,8.0,1,512.0,0.0,5.0,1,8.0,0,34.464
646,4,14.0,3,60.0,0.0,0.0,1.0,16.0,1,256.0,0.0,11.0,5,2.0,0,9.568
647,11,16.0,4,165.0,0.0,1.0,2.0,64.0,1,1024.0,5.0,13.0,7,14.0,3,70.999
648,3,15.6,4,144.0,0.0,1.0,2.0,64.0,1,2048.0,0.0,13.0,6,8.0,3,45.399
649,9,15.6,4,120.0,0.0,1.0,2.0,32.0,1,512.0,0.0,11.0,6,4.0,0,24.541
650,4,15.6,4,165.0,0.0,1.0,2.0,16.0,2,1024.0,0.0,13.0,7,14.0,3,48.199
651,2,15.6,3,60.0,0.0,0.0,0.0,4.0,1,256.0,0.0,11.0,5,2.0,0,9.693
652,2,15.6,3,60.0,0.0,0.0,1.0,8.0,1,512.0,0.0,12.0,6,10.0,3,15.7
653,1,15.0,1,120.0,256.0,1.0,1.0,8.0,2,256.0,5.0,2.0,10,8.0,2,44.2
654,2,15.6,0,60.0,0.0,0.0,0.0,8.0,1,256.0,0.0,3.0,0,2.0,3,10.399
655,9,15.6,3,60.0,0.0,0.0,0.0,4.0,1,512.0,0.0,1.0,4,2.0,3,8.825
656,0,15.6,4,144.0,1024.0,1.0,2.0,16.0,1,1024.0,5.0,11.0,6,6.0,3,27.25
657,0,15.6,4,144.0,0.0,1.0,2.0,32.0,1,1024.0,0.0,5.0,2,8.0,0,36.899
658,0,15.6,4,144.0,0.0,1.0,2.0,16.0,1,1024.0,0.0,5.0,2,8.0,0,35.499
659,9,15.6,4,120.0,0.0,1.0,2.0,16.0,1,512.0,0.0,12.0,6,8.0,0,28.682
660,9,15.6,4,120.0,1024.0,0.0,2.0,32.0,1,1024.0,0.0,12.0,7,10.0,0,33.372
661,2,16.0,4,165.0,0.0,1.0,2.0,32.0,2,1024.0,0.0,13.0,7,14.0,0,55.62
662,2,18.4,4,240.0,0.0,1.0,2.0,32.0,2,2048.0,8.0,13.0,8,8.0,0,122.999
663,2,15.6,3,120.0,0.0,0.0,1.0,8.0,1,256.0,0.0,11.0,6,4.0,3,12.999
664,2,15.6,3,60.0,0.0,0.0,1.0,8.0,1,128.0,0.0,11.0,5,2.0,3,10.099
665,9,15.6,4,60.0,0.0,0.0,1.0,12.0,1,512.0,0.0,12.0,6,10.0,0,14.999
666,8,14.0,3,120.0,512.0,0.0,1.0,8.0,1,512.0,0.0,10.0,6,8.0,3,19.999
667,4,18.0,4,165.0,0.0,1.0,2.0,64.0,2,2048.0,5.0,13.0,8,24.0,3,136.947
668,11,17.3,4,144.0,0.0,1.0,2.0,16.0,1,500.0,0.0,13.0,7,14.0,0,44.999
669,9,10.0,4,240.0,32.0,1.0,1.0,3.0,2,32.0,4.0,13.0,0,5.0,0,3.999
670,9,15.6,4,120.0,500.0,1.0,0.0,8.0,1,512.0,0.0,11.0,6,4.0,0,24.999
671,1,14.2,4,120.0,0.0,0.0,1.0,16.0,1,1024.0,2.0,11.0,9,16.0,2,69.99
672,1,13.0,4,60.0,0.0,0.0,1.0,16.0,1,256.0,0.0,1.0,9,1.0,2,38.0
673,0,15.6,3,60.0,0.0,0.0,0.0,8.0,1,128.0,0.0,11.0,4,2.0,3,8.999
674,9,15.6,4,120.0,0.0,1.0,2.0,16.0,1,512.0,0.0,12.0,7,10.0,0,31.649
675,3,15.6,3,60.0,0.0,0.0,1.0,8.0,1,500.0,0.0,11.0,6,4.0,3,15.999
676,7,16.1,4,144.0,0.0,1.0,2.0,16.0,2,512.0,0.0,7.0,2,8.0,0,36.999
677,6,17.3,4,360.0,0.0,1.0,2.0,16.0,1,512.0,0.0,12.0,6,12.0,0,39.999
678,7,16.1,4,144.0,0.0,1.0,2.0,16.0,2,1024.0,0.0,7.0,2,8.0,0,38.777
679,7,16.1,4,144.0,500.0,0.0,2.0,16.0,2,1024.0,0.0,7.0,2,8.0,3,45.009
680,10,17.3,4,240.0,0.0,1.0,2.0,64.0,2,4096.0,5.0,13.0,8,24.0,3,94.999
681,7,16.1,4,144.0,0.0,1.0,2.0,32.0,2,2048.0,0.0,7.0,2,8.0,3,34.649
682,9,15.6,4,144.0,0.0,1.0,2.0,16.0,2,512.0,0.0,7.0,2,8.0,0,38.999
684,10,15.6,4,144.0,0.0,1.0,2.0,16.0,2,1024.0,0.0,12.0,7,10.0,3,54.79
685,3,15.6,4,144.0,0.0,1.0,2.0,32.0,1,1024.0,0.0,12.0,7,10.0,3,39.999
686,2,16.0,4,165.0,0.0,0.0,2.0,16.0,2,1024.0,0.0,13.0,7,14.0,0,70.299
687,0,15.6,4,144.0,0.0,1.0,2.0,16.0,1,2048.0,0.0,12.0,6,12.0,0,30.0
688,7,16.1,4,165.0,0.0,1.0,2.0,16.0,2,1024.0,0.0,13.0,7,16.0,0,42.999
689,3,15.6,4,144.0,0.0,1.0,2.0,16.0,1,1024.0,0.0,12.0,7,10.0,0,33.999
690,3,15.6,4,144.0,0.0,1.0,2.0,32.0,1,500.0,0.0,12.0,6,8.0,0,26.999
691,9,15.6,4,120.0,0.0,1.0,2.0,8.0,1,512.0,0.0,12.0,7,24.0,0,30.599
692,0,15.6,4,60.0,0.0,1.0,1.0,16.0,1,512.0,0.0,11.0,6,4.0,0,25.0
693,4,15.6,4,165.0,0.0,1.0,2.0,32.0,2,1024.0,0.0,13.0,7,14.0,3,61.256
694,4,15.6,4,165.0,0.0,1.0,2.0,32.0,2,2048.0,0.0,13.0,7,14.0,3,63.428
695,7,15.6,0,120.0,256.0,0.0,0.0,8.0,1,256.0,0.0,3.0,1,4.0,0,12.785
696,9,15.6,0,60.0,0.0,0.0,1.0,8.0,1,512.0,0.0,5.0,2,8.0,0,12.449
697,3,15.6,4,144.0,0.0,1.0,2.0,16.0,1,2048.0,0.0,12.0,6,8.0,0,28.099
698,0,15.6,3,60.0,0.0,0.0,1.0,4.0,2,256.0,0.0,12.0,5,8.0,3,9.149
699,0,15.6,4,144.0,0.0,1.0,2.0,16.0,1,512.0,0.0,11.0,7,4.0,1,27.099
700,2,15.6,4,144.0,500.0,1.0,2.0,8.0,1,512.0,0.0,12.0,7,14.0,3,38.999
701,2,15.6,4,144.0,0.0,0.0,2.0,8.0,1,512.0,0.0,11.0,6,6.0,3,26.299
702,2,15.6,4,60.0,0.0,1.0,0.0,4.0,1,128.0,0.0,1.0,4,2.0,3,7.749
704,7,16.1,4,144.0,0.0,1.0,2.0,64.0,2,1024.0,0.0,7.0,2,8.0,3,35.639
705,2,15.6,3,60.0,128.0,0.0,0.0,4.0,1,128.0,0.0,11.0,5,2.0,0,9.139
706,10,15.6,4,144.0,0.0,1.0,2.0,32.0,1,512.0,0.0,12.0,7,10.0,0,39.499
708,7,16.1,4,144.0,0.0,1.0,2.0,64.0,2,2048.0,0.0,7.0,2,8.0,3,36.629
709,3,15.6,3,60.0,0.0,1.0,1.0,16.0,1,500.0,0.0,12.0,6,10.0,3,18.799
710,7,16.1,4,360.0,1024.0,0.0,1.0,48.0,1,4096.0,8.0,1.0,9,14.0,0,32.999
711,3,15.6,4,144.0,0.0,1.0,2.0,16.0,1,500.0,0.0,12.0,7,10.0,0,33.499
712,10,15.6,4,144.0,0.0,0.0,2.0,16.0,1,512.0,0.0,12.0,7,8.0,3,42.95
713,10,17.0,4,240.0,0.0,1.0,2.0,32.0,2,2048.0,3.0,13.0,8,24.0,3,84.499
714,4,14.0,3,60.0,0.0,0.0,0.0,8.0,1,256.0,0.0,11.0,5,2.0,0,9.189
715,7,15.6,0,60.0,0.0,0.0,1.0,8.0,2,256.0,0.0,7.0,1,4.0,3,12.999
716,2,15.6,3,60.0,0.0,0.0,1.0,16.0,1,1024.0,0.0,12.0,6,10.0,3,18.999
717,3,15.6,0,60.0,500.0,0.0,1.0,8.0,1,500.0,0.0,5.0,1,6.0,3,13.499
718,10,15.6,4,144.0,0.0,1.0,2.0,32.0,2,1024.0,0.0,12.0,7,10.0,3,56.0
719,10,17.3,4,144.0,0.0,1.0,2.0,16.0,1,512.0,0.0,12.0,7,10.0,0,45.255
721,7,16.1,4,144.0,0.0,1.0,2.0,16.0,2,512.0,0.0,13.0,6,16.0,0,35.999
722,2,15.6,4,144.0,0.0,1.0,2.0,16.0,2,512.0,0.0,7.0,3,8.0,0,52.999
723,3,15.6,3,60.0,0.0,1.0,1.0,16.0,1,500.0,0.0,12.0,7,10.0,0,18.899
724,2,14.0,4,90.0,0.0,1.0,1.0,16.0,1,1024.0,6.0,5.0,1,6.0,3,36.999
725,0,15.6,3,60.0,0.0,0.0,0.0,16.0,1,512.0,0.0,12.0,7,10.0,0,18.499
726,11,14.1,3,60.0,0.0,1.0,1.0,8.0,1,500.0,0.0,12.0,7,10.0,0,21.699
727,7,15.6,4,144.0,0.0,1.0,2.0,8.0,1,512.0,0.0,13.0,6,12.0,3,33.24
728,0,16.0,4,240.0,0.0,1.0,2.0,32.0,2,1024.0,5.0,13.0,8,24.0,0,83.999
729,3,15.6,4,144.0,500.0,0.0,2.0,16.0,1,500.0,0.0,12.0,6,8.0,3,36.999
730,2,15.6,4,60.0,0.0,0.0,0.0,12.0,1,256.0,0.0,11.0,5,2.0,0,9.879
731,0,15.6,4,120.0,0.0,0.0,0.0,8.0,1,256.0,0.0,11.0,6,8.0,0,14.099
732,4,15.6,4,120.0,0.0,0.0,2.0,8.0,1,512.0,0.0,10.0,6,6.0,3,24.999
733,2,16.0,3,120.0,256.0,0.0,0.0,8.0,1,256.0,0.0,5.0,6,4.0,0,13.399
734,1,13.6,1,120.0,0.0,0.0,1.0,16.0,1,256.0,5.0,11.0,10,8.0,2,45.829
735,2,15.6,4,144.0,0.0,0.0,2.0,16.0,1,1024.0,0.0,12.0,7,14.0,0,36.325
736,11,17.3,4,144.0,0.0,1.0,2.0,32.0,1,1024.0,0.0,13.0,7,14.0,3,52.499
737,2,16.0,4,165.0,0.0,1.0,2.0,32.0,2,1024.0,0.0,13.0,7,14.0,3,57.93
738,2,15.6,3,60.0,0.0,0.0,1.0,8.0,1,128.0,0.0,11.0,5,2.0,3,9.949
739,4,14.0,3,120.0,0.0,0.0,1.0,16.0,1,256.0,0.0,11.0,5,2.0,0,10.499
740,11,17.3,4,144.0,0.0,1.0,2.0,16.0,1,500.0,0.0,13.0,7,14.0,0,39.699
741,4,15.6,3,60.0,0.0,1.0,1.0,8.0,1,256.0,0.0,11.0,6,4.0,1,12.899
742,9,15.6,3,60.0,0.0,0.0,1.0,8.0,1,512.0,0.0,12.0,6,10.0,3,14.999
743,7,16.1,4,144.0,0.0,1.0,2.0,32.0,2,512.0,0.0,7.0,2,8.0,0,39.371
744,7,14.0,3,120.0,0.0,0.0,1.0,64.0,1,1024.0,0.0,12.0,5,6.0,3,20.845
745,7,15.6,3,120.0,0.0,0.0,1.0,32.0,1,512.0,0.0,12.0,6,10.0,3,21.300
746,7,15.6,3,120.0,0.0,0.0,1.0,32.0,1,512.0,0.0,12.0,6,10.0,0,20.700
747,7,14.0,3,120.0,0.0,0.0,1.0,32.0,1,1024.0,0.0,12.0,5,6.0,0,17.394
748,7,15.6,3,120.0,0.0,0.0,1.0,32.0,1,512.0,0.0,12.0,6,10.0,3,21.300
749,7,15.6,3,120.0,0.0,0.0,1.0,16.0,1,1024.0,0.0,12.0,6,10.0,3,21.900
750,7,15.6,3,120.0,0.0,0.0,1.0,16.0,1,1024.0,0.0,12.0,6,10.0,3,21.300
751,7,15.6,3,120.0,0.0,0.0,1.0,16.0,1,1024.0,0.0,12.0,6,10.0,0,20.700
752,2,15.6,3,60.0,0.0,0.0,1.0,16.0,1,1024.0,0.0,12.0,6,10.0,3,17.449
753,7,16.1,4,144.0,0.0,1.0,2.0,32.0,1,1024.0,0.0,5.0,2,8.0,3,32.669
754,7,16.1,4,144.0,0.0,1.0,2.0,16.0,2,512.0,0.0,13.0,6,12.0,3,35.999
756,9,14.0,3,60.0,0.0,1.0,1.0,16.0,2,512.0,9.0,13.0,7,12.0,3,47.999
757,7,15.6,4,144.0,0.0,1.0,2.0,64.0,1,1024.0,0.0,12.0,6,12.0,3,41.849
758,2,15.6,3,60.0,0.0,0.0,1.0,16.0,1,512.0,0.0,5.0,4,2.0,0,12.429
759,0,15.6,4,120.0,0.0,0.0,2.0,8.0,1,512.0,0.0,11.0,6,8.0,0,23.999
760,0,15.6,3,60.0,0.0,0.0,1.0,8.0,1,128.0,0.0,9.0,4,2.0,0,8.999
761,7,16.1,4,144.0,0.0,1.0,2.0,16.0,2,512.0,0.0,7.0,2,8.0,0,33.499
762,9,15.6,4,120.0,0.0,1.0,2.0,16.0,2,512.0,0.0,7.0,2,16.0,0,28.299
763,9,15.6,4,60.0,0.0,0.0,1.0,4.0,2,256.0,0.0,11.0,0,4.0,0,11.499
764,0,15.6,4,60.0,0.0,0.0,0.0,8.0,1,256.0,0.0,11.0,6,4.0,0,15.499
765,2,18.0,4,240.0,0.0,0.0,2.0,32.0,2,1024.0,7.0,13.0,8,16.0,0,90.999
766,0,16.0,4,165.0,0.0,1.0,2.0,24.0,2,1024.0,0.0,13.0,8,24.0,0,58.999
767,9,15.6,4,60.0,1024.0,1.0,1.0,24.0,1,512.0,0.0,11.0,6,4.0,0,18.144
768,9,14.0,3,60.0,512.0,1.0,1.0,8.0,1,512.0,0.0,12.0,5,6.0,0,10.999
769,7,16.1,4,144.0,0.0,1.0,2.0,16.0,2,512.0,0.0,13.0,7,14.0,0,36.581
770,2,15.6,0,240.0,0.0,0.0,1.0,4.0,0,256.0,0.0,5.0,0,4.0,0,8.222
771,4,16.0,3,60.0,0.0,0.0,1.0,8.0,1,512.0,0.0,10.0,6,10.0,1,16.999
772,2,16.0,4,240.0,0.0,1.0,2.0,16.0,2,1024.0,3.0,13.0,8,14.0,3,71.05
773,10,15.6,4,144.0,0.0,1.0,2.0,16.0,2,1024.0,0.0,12.0,7,10.0,3,54.299
774,11,15.6,3,120.0,0.0,0.0,2.0,32.0,1,1024.0,0.0,12.0,6,10.0,0,23.199
775,7,16.1,4,144.0,0.0,1.0,2.0,32.0,2,1024.0,0.0,13.0,7,14.0,0,39.999
776,2,16.0,4,165.0,0.0,1.0,2.0,16.0,2,512.0,0.0,13.0,7,14.0,3,49.203
777,9,15.6,3,60.0,0.0,0.0,1.0,16.0,1,512.0,0.0,12.0,7,10.0,0,19.1
778,9,15.6,0,60.0,0.0,0.0,1.0,16.0,1,1024.0,0.0,12.0,2,10.0,3,15.542
779,2,15.6,4,60.0,0.0,0.0,1.0,4.0,1,512.0,0.0,11.0,5,2.0,0,9.749
780,4,16.0,4,165.0,0.0,1.0,2.0,32.0,2,1024.0,3.0,13.0,8,24.0,1,61.799
781,2,15.6,4,144.0,0.0,0.0,2.0,32.0,1,1024.0,0.0,12.0,7,12.0,0,38.935
782,3,15.6,3,60.0,0.0,1.0,1.0,64.0,1,1024.0,0.0,12.0,7,10.0,3,31.899
783,9,15.6,4,60.0,256.0,0.0,0.0,8.0,2,256.0,0.0,7.0,0,4.0,0,9.69
784,0,15.6,4,60.0,256.0,0.0,1.0,8.0,2,256.0,0.0,11.0,6,4.0,0,15.999
785,2,15.6,4,144.0,0.0,1.0,2.0,32.0,2,512.0,0.0,6.0,2,8.0,0,35.509
786,11,15.6,4,144.0,0.0,1.0,2.0,16.0,1,500.0,0.0,12.0,6,8.0,0,30.899
788,10,15.6,4,144.0,0.0,1.0,2.0,16.0,1,1024.0,0.0,11.0,7,8.0,0,37.674
789,10,15.6,4,144.0,0.0,1.0,2.0,32.0,1,512.0,0.0,12.0,7,10.0,3,40.189
791,1,14.0,1,120.0,0.0,1.0,1.0,8.0,1,512.0,2.0,3.0,11,8.0,2,59.999
792,7,17.3,4,165.0,0.0,0.0,2.0,32.0,2,1024.0,5.0,13.0,8,24.0,0,99.999
793,7,16.1,4,144.0,0.0,0.0,2.0,16.0,2,1024.0,0.0,13.0,7,14.0,3,49.123
794,10,15.6,4,144.0,0.0,1.0,2.0,16.0,1,1024.0,0.0,12.0,7,10.0,0,47.999
795,9,15.6,3,60.0,0.0,0.0,1.0,16.0,1,1024.0,0.0,11.0,7,4.0,0,20.749
796,3,15.6,3,60.0,0.0,1.0,1.0,16.0,1,1024.0,0.0,12.0,7,10.0,0,19.499
797,2,13.3,3,60.0,0.0,1.0,1.0,16.0,1,512.0,0.0,11.0,6,8.0,0,34.999
798,2,16.0,4,165.0,0.0,1.0,2.0,8.0,2,512.0,0.0,13.0,7,14.0,0,51.269
799,2,15.6,4,144.0,0.0,0.0,2.0,32.0,1,2048.0,0.0,12.0,7,14.0,3,35.96
800,4,15.6,4,60.0,0.0,1.0,0.0,16.0,1,1024.0,0.0,11.0,6,4.0,1,19.399
801,7,16.1,4,144.0,0.0,1.0,2.0,32.0,2,1024.0,0.0,13.0,7,14.0,0,45.354
803,9,15.6,3,60.0,0.0,0.0,1.0,16.0,1,512.0,0.0,11.0,7,4.0,0,20.097
804,4,15.6,4,120.0,0.0,1.0,2.0,16.0,2,512.0,0.0,13.0,6,10.0,1,28.409
805,9,15.6,3,120.0,0.0,0.0,1.0,8.0,1,512.0,0.0,11.0,6,8.0,3,16.999
807,11,15.6,4,144.0,0.0,1.0,2.0,16.0,1,1024.0,0.0,12.0,7,10.0,3,40.499
808,0,16.0,4,240.0,0.0,1.0,2.0,32.0,2,1024.0,8.0,13.0,8,24.0,0,67.999
809,9,15.6,4,120.0,0.0,0.0,1.0,8.0,1,2048.0,0.0,11.0,6,4.0,0,25.839
810,9,13.3,3,60.0,0.0,0.0,1.0,8.0,2,256.0,8.0,12.0,6,10.0,0,21.999
811,2,16.0,4,120.0,1024.0,0.0,0.0,32.0,2,1024.0,0.0,13.0,7,16.0,3,79.524
812,2,15.6,3,60.0,0.0,0.0,0.0,8.0,1,256.0,0.0,12.0,6,10.0,3,17.399
813,10,16.0,4,240.0,0.0,1.0,2.0,16.0,2,1024.0,5.0,13.0,7,14.0,3,73.699
814,9,14.0,4,60.0,1024.0,0.0,1.0,12.0,1,256.0,0.0,11.0,5,4.0,3,19.5
815,9,15.6,4,120.0,0.0,1.0,2.0,16.0,1,1024.0,0.0,12.0,6,8.0,0,30.909
816,9,16.0,4,120.0,0.0,0.0,2.0,8.0,2,512.0,0.0,11.0,1,6.0,3,28.899
817,9,15.6,3,60.0,0.0,0.0,0.0,4.0,1,256.0,0.0,11.0,5,4.0,0,9.999
818,3,15.6,3,120.0,256.0,0.0,1.0,32.0,1,1024.0,0.0,13.0,5,16.0,0,16.999
819,4,15.6,3,60.0,0.0,0.0,1.0,16.0,1,256.0,0.0,11.0,6,4.0,3,15.0
820,2,16.0,4,144.0,512.0,1.0,2.0,16.0,1,512.0,9.0,11.0,7,8.0,3,45.974
821,9,15.6,4,144.0,0.0,1.0,1.0,16.0,2,1024.0,0.0,13.0,7,10.0,0,48.499
822,10,17.3,4,144.0,0.0,0.0,2.0,16.0,1,1024.0,0.0,11.0,7,8.0,3,59.949
823,7,15.6,4,144.0,0.0,1.0,2.0,8.0,1,512.0,0.0,13.0,6,12.0,0,26.599
824,2,13.4,4,165.0,0.0,0.0,2.0,16.0,2,1024.0,8.0,13.0,8,14.0,0,58.699
825,9,15.6,0,60.0,0.0,0.0,1.0,16.0,1,256.0,0.0,5.0,2,8.0,0,12.699
826,2,15.6,4,144.0,0.0,0.0,1.0,32.0,1,1024.0,0.0,10.0,6,4.0,3,29.199
827,3,15.6,3,120.0,256.0,0.0,1.0,32.0,1,1024.0,0.0,13.0,5,16.0,0,16.666
828,0,18.0,4,90.0,500.0,1.0,0.0,36.0,0,32.0,4.0,5.0,5,10.0,3,13.32
829,7,16.1,4,144.0,0.0,1.0,2.0,32.0,2,1024.0,0.0,7.0,2,8.0,0,37.999
830,3,15.6,4,144.0,0.0,1.0,2.0,32.0,1,1024.0,0.0,13.0,6,8.0,3,39.299
831,2,15.6,4,144.0,0.0,0.0,2.0,8.0,2,512.0,0.0,7.0,2,8.0,0,33.949
832,2,15.6,4,144.0,0.0,1.0,2.0,32.0,2,512.0,0.0,7.0,2,8.0,0,33.619
833,2,15.6,3,60.0,0.0,0.0,0.0,16.0,1,512.0,0.0,12.0,6,12.0,0,16.099
834,2,14.0,3,120.0,512.0,0.0,0.0,16.0,2,0.0,0.0,12.0,6,12.0,3,46.2
835,0,15.6,4,144.0,0.0,0.0,2.0,8.0,1,512.0,0.0,11.0,6,8.0,3,27.999
836,11,15.6,4,144.0,0.0,1.0,2.0,32.0,1,1024.0,0.0,11.0,7,8.0,3,36.999
837,0,15.6,4,144.0,0.0,0.0,2.0,8.0,1,1024.0,0.0,11.0,6,6.0,0,22.199
838,10,14.0,0,60.0,0.0,1.0,1.0,16.0,1,512.0,0.0,11.0,1,6.0,0,23.475
839,7,16.0,4,144.0,0.0,1.0,2.0,16.0,2,512.0,0.0,13.0,7,14.0,0,45.699
840,4,14.0,4,120.0,1024.0,0.0,1.0,16.0,1,512.0,0.0,11.0,6,4.0,0,14.994
841,11,15.6,4,144.0,0.0,1.0,2.0,16.0,1,500.0,0.0,12.0,7,10.0,0,38.699
842,10,15.6,4,120.0,1024.0,0.0,2.0,32.0,1,0.0,0.0,12.0,7,14.0,3,61.035
843,12,13.4,4,90.0,500.0,0.0,1.0,16.0,0,4096.0,7.0,12.0,5,16.0,0,18.999
844,2,15.6,4,144.0,0.0,1.0,2.0,16.0,2,512.0,0.0,7.0,2,8.0,0,34.58
845,2,15.6,4,60.0,0.0,1.0,0.0,24.0,1,256.0,0.0,11.0,6,4.0,0,13.469
846,2,15.6,4,144.0,0.0,1.0,2.0,32.0,2,1024.0,0.0,7.0,3,8.0,0,55.33
847,13,15.6,2,120.0,500.0,0.0,0.0,8.0,2,256.0,0.0,4.0,7,2.0,3,29.576
848,4,16.0,4,165.0,0.0,1.0,2.0,32.0,2,1024.0,3.0,13.0,8,24.0,0,56.099
849,7,15.6,3,120.0,0.0,0.0,1.0,16.0,1,1024.0,0.0,12.0,6,10.0,3,21.900
850,7,15.6,3,120.0,0.0,0.0,1.0,16.0,1,1024.0,0.0,12.0,6,10.0,0,20.700
851,7,15.6,3,120.0,0.0,0.0,1.0,16.0,1,1024.0,0.0,12.0,6,10.0,3,21.300
852,2,15.6,4,144.0,0.0,1.0,2.0,16.0,1,1024.0,0.0,12.0,7,14.0,3,36.696
853,1,15.0,1,120.0,512.0,1.0,1.0,8.0,2,512.0,5.0,2.0,10,8.0,2,55.499
854,1,15.0,1,120.0,512.0,1.0,1.0,8.0,2,512.0,5.0,2.0,10,8.0,2,55.399
855,3,16.0,4,165.0,0.0,1.0,2.0,64.0,2,2048.0,7.0,13.0,7,16.0,0,53.799
856,4,15.6,4,60.0,0.0,1.0,0.0,16.0,1,512.0,0.0,12.0,7,10.0,1,20.289
857,0,15.6,4,120.0,0.0,0.0,1.0,16.0,1,512.0,0.0,11.0,6,8.0,0,14.179
858,7,16.1,4,144.0,0.0,1.0,2.0,16.0,1,1024.0,0.0,5.0,2,8.0,3,31.679
859,12,15.6,4,90.0,256.0,0.0,1.0,8.0,1,256.0,0.0,11.0,6,4.0,0,17.5
860,7,15.6,0,144.0,0.0,1.0,2.0,16.0,1,1024.0,0.0,5.0,1,6.0,0,25.343
861,2,17.3,4,240.0,0.0,1.0,2.0,16.0,2,1024.0,8.0,7.0,3,24.0,0,66.549
862,2,14.0,3,120.0,0.0,0.0,1.0,16.0,1,256.0,0.0,11.0,4,2.0,3,9.629
863,4,14.0,4,120.0,0.0,1.0,2.0,4.0,1,256.0,0.0,11.0,6,4.0,0,15.299
864,4,15.6,4,120.0,0.0,1.0,2.0,32.0,2,512.0,0.0,13.0,6,10.0,1,34.939
865,4,14.0,3,60.0,0.0,0.0,1.0,12.0,1,256.0,0.0,11.0,5,2.0,0,9.494
866,11,15.6,4,144.0,0.0,1.0,2.0,32.0,1,500.0,0.0,11.0,7,8.0,3,34.199
867,3,15.6,4,60.0,0.0,0.0,1.0,32.0,1,1024.0,0.0,5.0,1,6.0,0,13.899
868,4,16.0,4,240.0,0.0,1.0,2.0,16.0,2,1024.0,3.0,13.0,8,24.0,3,90.045
869,1,16.0,4,120.0,0.0,0.0,1.0,16.0,1,512.0,2.0,11.0,10,8.0,2,77.819
870,7,16.1,4,144.0,0.0,1.0,2.0,16.0,2,1024.0,0.0,7.0,1,6.0,0,31.579
872,2,15.6,3,60.0,0.0,0.0,1.0,8.0,1,512.0,0.0,12.0,7,12.0,0,20.199
873,4,14.0,4,120.0,0.0,0.0,1.0,12.0,1,512.0,0.0,11.0,6,4.0,0,13.809
874,11,15.6,4,144.0,0.0,1.0,2.0,8.0,1,500.0,0.0,12.0,6,8.0,0,29.999
875,7,14.0,3,120.0,0.0,0.0,1.0,32.0,1,2048.0,0.0,12.0,5,6.0,3,20.273
876,0,15.6,4,165.0,0.0,1.0,2.0,32.0,2,2048.0,0.0,12.0,7,14.0,0,47.0
877,1,15.0,1,120.0,256.0,1.0,1.0,8.0,2,256.0,5.0,2.0,10,8.0,2,44.45
878,0,15.6,4,144.0,0.0,1.0,2.0,16.0,2,512.0,0.0,12.0,7,10.0,0,35.441
879,4,16.0,4,240.0,0.0,1.0,2.0,64.0,2,2048.0,5.0,13.0,8,24.0,3,98.389
880,2,15.6,4,144.0,0.0,1.0,2.0,32.0,2,1024.0,0.0,7.0,2,8.0,0,38.999
881,9,15.6,0,60.0,0.0,0.0,0.0,16.0,1,512.0,0.0,5.0,2,8.0,3,14.495
882,9,15.6,4,60.0,0.0,0.0,0.0,8.0,2,256.0,0.0,1.0,1,4.0,0,10.599
883,11,17.0,4,240.0,0.0,1.0,2.0,32.0,2,1024.0,3.0,13.0,8,24.0,3,87.999
884,2,17.3,4,360.0,0.0,0.0,2.0,16.0,2,1024.0,0.0,12.0,8,14.0,0,85.89
885,2,16.0,3,60.0,0.0,0.0,1.0,8.0,1,512.0,9.0,12.0,6,10.0,3,17.999
886,2,15.6,4,120.0,0.0,0.0,1.0,4.0,1,128.0,0.0,11.0,5,1.0,3,12.999
887,2,15.6,3,60.0,0.0,0.0,1.0,8.0,1,512.0,0.0,12.0,6,10.0,0,13.999
888,2,15.6,4,144.0,0.0,1.0,2.0,32.0,2,1024.0,0.0,6.0,2,8.0,0,35.999
889,9,16.0,4,120.0,0.0,0.0,1.0,32.0,1,1024.0,0.0,11.0,7,8.0,3,59.999
890,0,18.0,4,90.0,500.0,1.0,0.0,36.0,0,32.0,4.0,5.0,5,10.0,3,16.41
891,7,14.0,3,120.0,0.0,0.0,1.0,32.0,1,1024.0,0.0,12.0,5,6.0,3,18.156
892,7,15.6,3,120.0,0.0,0.0,1.0,32.0,1,512.0,0.0,12.0,6,10.0,3,21.9
893,7,14.0,3,120.0,0.0,0.0,1.0,8.0,1,2048.0,0.0,12.0,5,6.0,0,16.929
894,2,15.6,3,60.0,0.0,0.0,1.0,16.0,1,1024.0,0.0,12.0,6,10.0,0,15.699
895,7,15.6,3,120.0,0.0,0.0,1.0,32.0,1,512.0,0.0,12.0,6,10.0,3,21.9
898,2,15.6,4,144.0,0.0,1.0,2.0,16.0,1,512.0,0.0,12.0,7,14.0,0,33.48
899,3,15.6,4,144.0,0.0,1.0,2.0,32.0,1,1024.0,0.0,13.0,6,8.0,3,41.099
900,10,15.6,4,144.0,0.0,1.0,2.0,16.0,1,512.0,0.0,12.0,7,10.0,3,36.484
901,3,16.0,4,165.0,0.0,1.0,2.0,64.0,2,1024.0,7.0,13.0,8,24.0,0,66.699
902,7,16.1,4,144.0,0.0,1.0,2.0,32.0,2,1024.0,0.0,7.0,2,8.0,0,40.45
903,2,15.6,3,60.0,0.0,0.0,1.0,24.0,1,512.0,0.0,12.0,6,10.0,0,16.429
904,1,16.0,4,120.0,0.0,0.0,1.0,16.0,1,512.0,2.0,11.0,9,8.0,2,75.0
905,9,15.6,4,120.0,0.0,1.0,2.0,16.0,1,512.0,0.0,12.0,6,12.0,0,26.399
906,7,15.6,4,144.0,0.0,1.0,2.0,16.0,1,1024.0,0.0,12.0,6,8.0,0,28.511
907,7,16.1,4,144.0,0.0,1.0,2.0,64.0,1,2048.0,0.0,5.0,2,8.0,3,35.639
909,3,16.0,4,165.0,0.0,1.0,2.0,32.0,2,1024.0,7.0,13.0,8,24.0,0,101.899
